DROP DATABASE IF EXISTS inventario;
CREATE DATABASE inventario;

USE inventario;

DROP TABLE IF EXISTS usuario;
CREATE TABLE usuario
(
    secuence_usu INT auto_increment PRIMARY KEY NOT NULL,
    id_usuario INT (6) NOT NULL,
    nom_usuario VARCHAR (30) NOT NULL,
    ape_usuario VARCHAR (30) NOT NULL,
    id_tipo_usuario INT (2) NOT NULL,
    cod_usuario VARCHAR (30) NOT NULL,
    pass_usuario VARCHAR (20) NOT NULL,
    mail_usuario VARCHAR (40),
    tlf_usuario CHAR (9),
    estado_usuario BOOLEAN
);

DROP TABLE IF EXISTS tipo_usuario;
CREATE TABLE tipo_usuario
(
    secuence_tipo_usu INT auto_increment PRIMARY KEY NOT NULL,
    id_tipo_usuario INT (2) NOT NULL,
    detalle_tipo_usuario VARCHAR (20) NOT NULL
);



# DROP TABLE IF EXISTS proveedor;
# CREATE TABLE proveedor
# (
#     secuence_prov INT auto_increment PRIMARY KEY NOT NULL,
#     id_proveedor INT (6) NOT NULL,
#     RUC CHAR (11) NOT NULL,
#     razon_social VARCHAR (40) NOT NULL,
#     tlf_proveedor CHAR (9) NOT NULL,
#     mail_proveedor VARCHAR (40),
#     estado_proveedor BOOLEAN
# );


# DROP TABLE IF EXISTS marca;
# CREATE TABLE marca
# (
#     secuence_mar INT auto_increment PRIMARY KEY NOT NULL,
#     id_marca INT (6) NOT NULL,
#     nom_marca VARCHAR (30) NOT NULL,
#     estado_marca BOOLEAN
# );


DROP TABLE IF EXISTS colegios;
CREATE TABLE colegios
(
    secuence_col INT auto_increment PRIMARY KEY NOT NULL,
    idDepa int(5) not null,
    cod_modu_colegio INT NOT NULL,
    ugel_colegio VARCHAR (30) NOT NULL,
    nom_colegio VARCHAR (50) NOT NULL,
    dir_colegio VARCHAR (30) NOT NULL,
    tlf_colegio CHAR (9),
    mail_colegio VARCHAR (40),    
    depa_colegio VARCHAR (15) NOT NULL,
    prov_colegio VARCHAR (15) NOT NULL,
    dist_colegio VARCHAR (15) NOT NULL,
    director_colegio VARCHAR (15) NOT NULL,
    nivel_colegio VARCHAR (30) NOT NULL
);

DROP TABLE IF EXISTS categorias;
CREATE TABLE categorias
(
    secuence_cat INT auto_increment PRIMARY KEY NOT NULL,
    id_categoria INT (6) NOT NULL,
    nom_categoria VARCHAR (30) NOT NULL,
    estado_categoria BOOLEAN
);

DROP TABLE IF EXISTS productos;
CREATE TABLE productos
(
    secuence_prod INT auto_increment PRIMARY KEY NOT NULL,
    id_categoria INT (6) NOT NULL,
    marca_nom varchar(50) not null,
    RUC int(11) not null,
    razon_social varchar(50) not null,
    id_usuario INT (6) NOT NULL,
    nom_producto VARCHAR (30) NOT NULL,
    cantidades INT NOT NULL,
    fecha_entrada DATE NOT NULL,
    fecha_vencimento DATE,
    descripcion VARCHAR(50),
    guia_remision VARCHAR (30)  NOT NULL,
    num_orden int NOT NULL,
    num_pecosa int,
    perecible BOOLEAN
);

-- DROP TABLE IF EXISTS movimientos;
-- CREATE TABLE movimientos
-- (
--     secuence_mov INT auto_increment PRIMARY KEY NOT NULL,
--     id_movimiento INT NOT NULL,
--     tipo_movi VARCHAR (10) NOT NULL,
--     estado_movimiento BOOLEAN
-- );

-- DROP TABLE IF EXISTS detalle_ingreso;
-- CREATE TABLE detalle_ingreso
-- (
--     secuence_det_ing INT auto_increment PRIMARY KEY NOT NULL,
--     id_det_ing INT (6) NOT NULL,
--     id_proveedor INT (6) NOT NULL,
--     id_categoria INT (6) NOT NULL,
--     SKU_producto INT NOT NULL,
--     id_usuario INT (6) NOT NULL,
--     id_movimiento INT NOT NULL,
--     orden_servicio INT NOT NULL,
--     num_pecosa INT NOT NULL,
--     guia_movi INT NOT NULL,
--     cant_prod_ing INT NOT NULL,
--     fecha_ing DATE,
--     RUC CHAR (11) NOT NULL,
--     razon_social VARCHAR (40) NOT NULL,
--     comentario VARCHAR (50),
--     estado_deta_desp BOOLEAN
-- );

DROP TABLE IF EXISTS detalle_despacho;
CREATE TABLE detalle_despacho
(
    secuence_det_des INT auto_increment PRIMARY KEY NOT NULL,
    -- id_det_des INT (6) NOT NULL,
    id_usuario INT (6) NOT NULL,
    id_colegio INT (6) NOT NULL,
    id_producto INT NOT NULL,
    cant_prod_des INT NOT NULL,
    fecha_des DATE,
    -- id_movimiento INT NOT NULL,
    -- nom_director VARCHAR (40) NOT NULL,
    comentario VARCHAR (50),
    firma_resp VARCHAR (50)
    -- estado_deta_desp BOOLEAN
);

-- --------------------------------------------------------



--
-- Estructura de tabla para la tabla `ubdistrito`
--
DROP TABLE IF EXISTS ubdistrito;
CREATE TABLE ubdistrito (
  idDist int(5) PRIMARY KEY NOT NULL DEFAULT 0,
  distrito varchar(50) DEFAULT NULL,
  idProv int(5) DEFAULT NULL
);

--
-- Volcado de datos para la tabla `ubdistrito`
--

INSERT INTO ubdistrito (idDist, distrito, idProv) VALUES
(1, 'CHACHAPOYAS', 1),
(2, 'ASUNCION', 1),
(3, 'BALSAS', 1),
(4, 'CHETO', 1),
(5, 'CHILIQUIN', 1),
(6, 'CHUQUIBAMBA', 1),
(7, 'GRANADA', 1),
(8, 'HUANCAS', 1),
(9, 'LA JALCA', 1),
(10, 'LEIMEBAMBA', 1),
(11, 'LEVANTO', 1),
(12, 'MAGDALENA', 1),
(13, 'MARISCAL CASTILLA', 1),
(14, 'MOLINOPAMPA', 1),
(15, 'MONTEVIDEO', 1),
(16, 'OLLEROS', 1),
(17, 'QUINJALCA', 1),
(18, 'SAN FRANCISCO DE DAGUAS', 1),
(19, 'SAN ISIDRO DE MAINO', 1),
(20, 'SOLOCO', 1),
(21, 'SONCHE', 1),
(22, 'BAGUA', 2),
(23, 'ARAMANGO', 2),
(24, 'COPALLIN', 2),
(25, 'EL PARCO', 2),
(26, 'IMAZA', 2),
(27, 'LA PECA', 2),
(28, 'JUMBILLA', 3),
(29, 'CHISQUILLA', 3),
(30, 'CHURUJA', 3),
(31, 'COROSHA', 3),
(32, 'CUISPES', 3),
(33, 'FLORIDA', 3),
(34, 'JAZAN', 3),
(35, 'RECTA', 3),
(36, 'SAN CARLOS', 3),
(37, 'SHIPASBAMBA', 3),
(38, 'VALERA', 3),
(39, 'YAMBRASBAMBA', 3),
(40, 'NIEVA', 4),
(41, 'EL CENEPA', 4),
(42, 'RIO SANTIAGO', 4),
(43, 'LAMUD', 5),
(44, 'CAMPORREDONDO', 5),
(45, 'COCABAMBA', 5),
(46, 'COLCAMAR', 5),
(47, 'CONILA', 5),
(48, 'INGUILPATA', 5),
(49, 'LONGUITA', 5),
(50, 'LONYA CHICO', 5),
(51, 'LUYA', 5),
(52, 'LUYA VIEJO', 5),
(53, 'MARIA', 5),
(54, 'OCALLI', 5),
(55, 'OCUMAL', 5),
(56, 'PISUQUIA', 5),
(57, 'PROVIDENCIA', 5),
(58, 'SAN CRISTOBAL', 5),
(59, 'SAN FRANCISCO DEL YESO', 5),
(60, 'SAN JERONIMO', 5),
(61, 'SAN JUAN DE LOPECANCHA', 5),
(62, 'SANTA CATALINA', 5),
(63, 'SANTO TOMAS', 5),
(64, 'TINGO', 5),
(65, 'TRITA', 5),
(66, 'SAN NICOLAS', 6),
(67, 'CHIRIMOTO', 6),
(68, 'COCHAMAL', 6),
(69, 'HUAMBO', 6),
(70, 'LIMABAMBA', 6),
(71, 'LONGAR', 6),
(72, 'MARISCAL BENAVIDES', 6),
(73, 'MILPUC', 6),
(74, 'OMIA', 6),
(75, 'SANTA ROSA', 6),
(76, 'TOTORA', 6),
(77, 'VISTA ALEGRE', 6),
(78, 'BAGUA GRANDE', 7),
(79, 'CAJARURO', 7),
(80, 'CUMBA', 7),
(81, 'EL MILAGRO', 7),
(82, 'JAMALCA', 7),
(83, 'LONYA GRANDE', 7),
(84, 'YAMON', 7),
(85, 'HUARAZ', 8),
(86, 'COCHABAMBA', 8),
(87, 'COLCABAMBA', 8),
(88, 'HUANCHAY', 8),
(89, 'INDEPENDENCIA', 8),
(90, 'JANGAS', 8),
(91, 'LA LIBERTAD', 8),
(92, 'OLLEROS', 8),
(93, 'PAMPAS', 8),
(94, 'PARIACOTO', 8),
(95, 'PIRA', 8),
(96, 'TARICA', 8),
(97, 'AIJA', 9),
(98, 'CORIS', 9),
(99, 'HUACLLAN', 9),
(100, 'LA MERCED', 9),
(101, 'SUCCHA', 9),
(102, 'LLAMELLIN', 10),
(103, 'ACZO', 10),
(104, 'CHACCHO', 10),
(105, 'CHINGAS', 10),
(106, 'MIRGAS', 10),
(107, 'SAN JUAN DE RONTOY', 10),
(108, 'CHACAS', 11),
(109, 'ACOCHACA', 11),
(110, 'CHIQUIAN', 12),
(111, 'ABELARDO PARDO LEZAMETA', 12),
(112, 'ANTONIO RAYMONDI', 12),
(113, 'AQUIA', 12),
(114, 'CAJACAY', 12),
(115, 'CANIS', 12),
(116, 'COLQUIOC', 12),
(117, 'HUALLANCA', 12),
(118, 'HUASTA', 12),
(119, 'HUAYLLACAYAN', 12),
(120, 'LA PRIMAVERA', 12),
(121, 'MANGAS', 12),
(122, 'PACLLON', 12),
(123, 'SAN MIGUEL DE CORPANQUI', 12),
(124, 'TICLLOS', 12),
(125, 'CARHUAZ', 13),
(126, 'ACOPAMPA', 13),
(127, 'AMASHCA', 13),
(128, 'ANTA', 13),
(129, 'ATAQUERO', 13),
(130, 'MARCARA', 13),
(131, 'PARIAHUANCA', 13),
(132, 'SAN MIGUEL DE ACO', 13),
(133, 'SHILLA', 13),
(134, 'TINCO', 13),
(135, 'YUNGAR', 13),
(136, 'SAN LUIS', 14),
(137, 'SAN NICOLAS', 14),
(138, 'YAUYA', 14),
(139, 'CASMA', 15),
(140, 'BUENA VISTA ALTA', 15),
(141, 'COMANDANTE NOEL', 15),
(142, 'YAUTAN', 15),
(143, 'CORONGO', 16),
(144, 'ACO', 16),
(145, 'BAMBAS', 16),
(146, 'CUSCA', 16),
(147, 'LA PAMPA', 16),
(148, 'YANAC', 16),
(149, 'YUPAN', 16),
(150, 'HUARI', 17),
(151, 'ANRA', 17),
(152, 'CAJAY', 17),
(153, 'CHAVIN DE HUANTAR', 17),
(154, 'HUACACHI', 17),
(155, 'HUACCHIS', 17),
(156, 'HUACHIS', 17),
(157, 'HUANTAR', 17),
(158, 'MASIN', 17),
(159, 'PAUCAS', 17),
(160, 'PONTO', 17),
(161, 'RAHUAPAMPA', 17),
(162, 'RAPAYAN', 17),
(163, 'SAN MARCOS', 17),
(164, 'SAN PEDRO DE CHANA', 17),
(165, 'UCO', 17),
(166, 'HUARMEY', 18),
(167, 'COCHAPETI', 18),
(168, 'CULEBRAS', 18),
(169, 'HUAYAN', 18),
(170, 'MALVAS', 18),
(171, 'CARAZ', 19),
(172, 'HUALLANCA', 19),
(173, 'HUATA', 19),
(174, 'HUAYLAS', 19),
(175, 'MATO', 19),
(176, 'PAMPAROMAS', 19),
(177, 'PUEBLO LIBRE', 19),
(178, 'SANTA CRUZ', 19),
(179, 'SANTO TORIBIO', 19),
(180, 'YURACMARCA', 19),
(181, 'PISCOBAMBA', 20),
(182, 'CASCA', 20),
(183, 'ELEAZAR GUZMAN BARRON', 20),
(184, 'FIDEL OLIVAS ESCUDERO', 20),
(185, 'LLAMA', 20),
(186, 'LLUMPA', 20),
(187, 'LUCMA', 20),
(188, 'MUSGA', 20),
(189, 'OCROS', 21),
(190, 'ACAS', 21),
(191, 'CAJAMARQUILLA', 21),
(192, 'CARHUAPAMPA', 21),
(193, 'COCHAS', 21),
(194, 'CONGAS', 21),
(195, 'LLIPA', 21),
(196, 'SAN CRISTOBAL DE RAJAN', 21),
(197, 'SAN PEDRO', 21),
(198, 'SANTIAGO DE CHILCAS', 21),
(199, 'CABANA', 22),
(200, 'BOLOGNESI', 22),
(201, 'CONCHUCOS', 22),
(202, 'HUACASCHUQUE', 22),
(203, 'HUANDOVAL', 22),
(204, 'LACABAMBA', 22),
(205, 'LLAPO', 22),
(206, 'PALLASCA', 22),
(207, 'PAMPAS', 22),
(208, 'SANTA ROSA', 22),
(209, 'TAUCA', 22),
(210, 'POMABAMBA', 23),
(211, 'HUAYLLAN', 23),
(212, 'PAROBAMBA', 23),
(213, 'QUINUABAMBA', 23),
(214, 'RECUAY', 24),
(215, 'CATAC', 24),
(216, 'COTAPARACO', 24),
(217, 'HUAYLLAPAMPA', 24),
(218, 'LLACLLIN', 24),
(219, 'MARCA', 24),
(220, 'PAMPAS CHICO', 24),
(221, 'PARARIN', 24),
(222, 'TAPACOCHA', 24),
(223, 'TICAPAMPA', 24),
(224, 'CHIMBOTE', 25),
(225, 'CACERES DEL PERU', 25),
(226, 'COISHCO', 25),
(227, 'MACATE', 25),
(228, 'MORO', 25),
(229, 'NEPE&Ntilde;A', 25),
(230, 'SAMANCO', 25),
(231, 'SANTA', 25),
(232, 'NUEVO CHIMBOTE', 25),
(233, 'SIHUAS', 26),
(234, 'ACOBAMBA', 26),
(235, 'ALFONSO UGARTE', 26),
(236, 'CASHAPAMPA', 26),
(237, 'CHINGALPO', 26),
(238, 'HUAYLLABAMBA', 26),
(239, 'QUICHES', 26),
(240, 'RAGASH', 26),
(241, 'SAN JUAN', 2),
(242, 'SICSIBAMBA', 26),
(243, 'YUNGAY', 27),
(244, 'CASCAPARA', 27),
(245, 'MANCOS', 27),
(246, 'MATACOTO', 27),
(247, 'QUILLO', 27),
(248, 'RANRAHIRCA', 27),
(249, 'SHUPLUY', 27),
(250, 'YANAMA', 27),
(251, 'ABANCAY', 28),
(252, 'CHACOCHE', 28),
(253, 'CIRCA', 28),
(254, 'CURAHUASI', 28),
(255, 'HUANIPACA', 28),
(256, 'LAMBRAMA', 28),
(257, 'PICHIRHUA', 28),
(258, 'SAN PEDRO DE CACHORA', 28),
(259, 'TAMBURCO', 28),
(260, 'ANDAHUAYLAS', 29),
(261, 'ANDARAPA', 29),
(262, 'CHIARA', 29),
(263, 'HUANCARAMA', 29),
(264, 'HUANCARAY', 29),
(265, 'HUAYANA', 29),
(266, 'KISHUARA', 29),
(267, 'PACOBAMBA', 29),
(268, 'PACUCHA', 29),
(269, 'PAMPACHIRI', 29),
(270, 'POMACOCHA', 29),
(271, 'SAN ANTONIO DE CACHI', 29),
(272, 'SAN JERONIMO', 29),
(273, 'SAN MIGUEL DE CHACCRAMPA', 29),
(274, 'SANTA MARIA DE CHICMO', 29),
(275, 'TALAVERA', 29),
(276, 'TUMAY HUARACA', 29),
(277, 'TURPO', 29),
(278, 'KAQUIABAMBA', 29),
(279, 'JOSE MARIA ARGUEDAS', 29),
(280, 'ANTABAMBA', 30),
(281, 'EL ORO', 30),
(282, 'HUAQUIRCA', 30),
(283, 'JUAN ESPINOZA MEDRANO', 30),
(284, 'OROPESA', 30),
(285, 'PACHACONAS', 30),
(286, 'SABAINO', 30),
(287, 'CHALHUANCA', 31),
(288, 'CAPAYA', 31),
(289, 'CARAYBAMBA', 31),
(290, 'CHAPIMARCA', 31),
(291, 'COLCABAMBA', 31),
(292, 'COTARUSE', 31),
(293, 'HUAYLLO', 31),
(294, 'JUSTO APU SAHUARAURA', 31),
(295, 'LUCRE', 31),
(296, 'POCOHUANCA', 31),
(297, 'SAN JUAN DE CHAC&Ntilde;A', 31),
(298, 'SA&Ntilde;AYCA', 31),
(299, 'SORAYA', 31),
(300, 'TAPAIRIHUA', 31),
(301, 'TINTAY', 31),
(302, 'TORAYA', 31),
(303, 'YANACA', 31),
(304, 'TAMBOBAMBA', 32),
(305, 'COTABAMBAS', 32),
(306, 'COYLLURQUI', 32),
(307, 'HAQUIRA', 32),
(308, 'MARA', 32),
(309, 'CHALLHUAHUACHO', 32),
(310, 'CHINCHEROS', 33),
(311, 'ANCO-HUALLO', 33),
(312, 'COCHARCAS', 33),
(313, 'HUACCANA', 33),
(314, 'OCOBAMBA', 33),
(315, 'ONGOY', 33),
(316, 'URANMARCA', 33),
(317, 'ROCCHACC', 33),
(318, 'EL PORVENIR', 33),
(319, 'LOS CHANKAS', 33),
(320, 'CHUQUIBAMBILLA', 34),
(321, 'CURPAHUASI', 34),
(322, 'GAMARRA', 34),
(323, 'HUAYLLATI', 34),
(324, 'MAMARA', 34),
(325, 'MICAELA BASTIDAS', 34),
(326, 'PATAYPAMPA', 34),
(327, 'PROGRESO', 34),
(328, 'SAN ANTONIO', 34),
(329, 'SANTA ROSA', 34),
(330, 'TURPAY', 34),
(331, 'VILCABAMBA', 34),
(332, 'VIRUNDO', 34),
(333, 'CURASCO', 34),
(334, 'AREQUIPA', 35),
(335, 'ALTO SELVA ALEGRE', 35),
(336, 'CAYMA', 35),
(337, 'CERRO COLORADO', 35),
(338, 'CHARACATO', 35),
(339, 'CHIGUATA', 35),
(340, 'JACOBO HUNTER', 35),
(341, 'LA JOYA', 35),
(342, 'MARIANO MELGAR', 35),
(343, 'MIRAFLORES', 35),
(344, 'MOLLEBAYA', 35),
(345, 'PAUCARPATA', 35),
(346, 'POCSI', 35),
(347, 'POLOBAYA', 35),
(348, 'QUEQUE&Ntilde;A', 35),
(349, 'SABANDIA', 35),
(350, 'SACHACA', 35),
(351, 'SAN JUAN DE SIGUAS', 35),
(352, 'SAN JUAN DE TARUCANI', 35),
(353, 'SANTA ISABEL DE SIGUAS', 35),
(354, 'SANTA RITA DE SIGUAS', 35),
(355, 'SOCABAYA', 35),
(356, 'TIABAYA', 35),
(357, 'UCHUMAYO', 35),
(358, 'VITOR', 35),
(359, 'YANAHUARA', 35),
(360, 'YARABAMBA', 35),
(361, 'YURA', 35),
(362, 'JOSE LUIS BUSTAMANTE Y RIVERO', 35),
(363, 'CAMANA', 36),
(364, 'JOSE MARIA QUIMPER', 36),
(365, 'MARIANO NICOLAS VALCARCEL', 36),
(366, 'MARISCAL CACERES', 36),
(367, 'NICOLAS DE PIEROLA', 36),
(368, 'OCO&Ntilde;A', 36),
(369, 'QUILCA', 36),
(370, 'SAMUEL PASTOR', 36),
(371, 'CARAVELI', 37),
(372, 'ACARI', 37),
(373, 'ATICO', 37),
(374, 'ATIQUIPA', 37),
(375, 'BELLA UNION', 37),
(376, 'CAHUACHO', 37),
(377, 'CHALA', 37),
(378, 'CHAPARRA', 37),
(379, 'HUANUHUANU', 37),
(380, 'JAQUI', 37),
(381, 'LOMAS', 37),
(382, 'QUICACHA', 37),
(383, 'YAUCA', 37),
(384, 'APLAO', 38),
(385, 'ANDAGUA', 38),
(386, 'AYO', 38),
(387, 'CHACHAS', 38),
(388, 'CHILCAYMARCA', 38),
(389, 'CHOCO', 38),
(390, 'HUANCARQUI', 38),
(391, 'MACHAGUAY', 38),
(392, 'ORCOPAMPA', 38),
(393, 'PAMPACOLCA', 38),
(394, 'TIPAN', 38),
(395, 'U&Ntilde;ON', 38),
(396, 'URACA', 38),
(397, 'VIRACO', 38),
(398, 'CHIVAY', 39),
(399, 'ACHOMA', 39),
(400, 'CABANACONDE', 39),
(401, 'CALLALLI', 39),
(402, 'CAYLLOMA', 39),
(403, 'COPORAQUE', 39),
(404, 'HUAMBO', 39),
(405, 'HUANCA', 39),
(406, 'ICHUPAMPA', 39),
(407, 'LARI', 39),
(408, 'LLUTA', 39),
(409, 'MACA', 39),
(410, 'MADRIGAL', 39),
(411, 'SAN ANTONIO DE CHUCA', 39),
(412, 'SIBAYO', 39),
(413, 'TAPAY', 39),
(414, 'TISCO', 39),
(415, 'TUTI', 39),
(416, 'YANQUE', 39),
(417, 'MAJES', 39),
(418, 'CHUQUIBAMBA', 40),
(419, 'ANDARAY', 40),
(420, 'CAYARANI', 40),
(421, 'CHICHAS', 40),
(422, 'IRAY', 40),
(423, 'RIO GRANDE', 40),
(424, 'SALAMANCA', 40),
(425, 'YANAQUIHUA', 40),
(426, 'MOLLENDO', 41),
(427, 'COCACHACRA', 41),
(428, 'DEAN VALDIVIA', 41),
(429, 'ISLAY', 41),
(430, 'MEJIA', 41),
(431, 'PUNTA DE BOMBON', 41),
(432, 'COTAHUASI', 42),
(433, 'ALCA', 42),
(434, 'CHARCANA', 42),
(435, 'HUAYNACOTAS', 42),
(436, 'PAMPAMARCA', 42),
(437, 'PUYCA', 42),
(438, 'QUECHUALLA', 42),
(439, 'SAYLA', 42),
(440, 'TAURIA', 42),
(441, 'TOMEPAMPA', 42),
(442, 'TORO', 42),
(443, 'AYACUCHO', 43),
(444, 'ACOCRO', 43),
(445, 'ACOS VINCHOS', 43),
(446, 'ANDRES AVELINO CÁCERES DORREGARAY', 43),
(447, 'CARMEN ALTO', 43),
(448, 'CHIARA', 43),
(449, 'OCROS', 43),
(450, 'PACAYCASA', 43),
(451, 'QUINUA', 43),
(452, 'SAN JOSE DE TICLLAS', 43),
(453, 'SAN JUAN BAUTISTA', 43),
(454, 'SANTIAGO DE PISCHA', 43),
(455, 'SOCOS', 43),
(456, 'TAMBILLO', 43),
(457, 'VINCHOS', 43),
(458, 'JESUS NAZARENO', 43),
(459, 'CANGALLO', 44),
(460, 'CHUSCHI', 44),
(461, 'LOS MOROCHUCOS', 44),
(462, 'MARIA PARADO DE BELLIDO', 44),
(463, 'PARAS', 44),
(464, 'TOTOS', 44),
(465, 'SANCOS', 45),
(466, 'CARAPO', 45),
(467, 'SACSAMARCA', 45),
(468, 'SANTIAGO DE LUCANAMARCA', 45),
(469, 'HUANTA', 46),
(470, 'AYAHUANCO', 46),
(471, 'HUAMANGUILLA', 46),
(472, 'IGUAIN', 46),
(473, 'LURICOCHA', 46),
(474, 'SANTILLANA', 46),
(475, 'SIVIA', 46),
(476, 'LLOCHEGUA', 46),
(477, 'CANAYRE', 46),
(478, 'UCHURACCAY', 46),
(479, 'PUCACOLPA', 46),
(480, 'CHACA', 46),
(481, 'SAN MIGUEL', 47),
(482, 'ANCO', 47),
(483, 'AYNA', 47),
(484, 'CHILCAS', 47),
(485, 'CHUNGUI', 47),
(486, 'LUIS CARRANZA', 47),
(487, 'SANTA ROSA', 47),
(488, 'TAMBO', 47),
(489, 'SAMUGARI', 47),
(490, 'ANCHIHUAY', 47),
(491, 'ORONCCOY', 47),
(492, 'PUQUIO', 48),
(493, 'AUCARA', 48),
(494, 'CABANA', 48),
(495, 'CARMEN SALCEDO', 48),
(496, 'CHAVI&Ntilde;A', 48),
(497, 'CHIPAO', 48),
(498, 'HUAC-HUAS', 48),
(499, 'LARAMATE', 48),
(500, 'LEONCIO PRADO', 48),
(501, 'LLAUTA', 48),
(502, 'LUCANAS', 48),
(503, 'OCA&Ntilde;A', 48),
(504, 'OTOCA', 48),
(505, 'SAISA', 48),
(506, 'SAN CRISTOBAL', 48),
(507, 'SAN JUAN', 48),
(508, 'SAN PEDRO', 48),
(509, 'SAN PEDRO DE PALCO', 48),
(510, 'SANCOS', 48),
(511, 'SANTA ANA DE HUAYCAHUACHO', 48),
(512, 'SANTA LUCIA', 48),
(513, 'CORACORA', 49),
(514, 'CHUMPI', 49),
(515, 'CORONEL CASTA&Ntilde;EDA', 49),
(516, 'PACAPAUSA', 49),
(517, 'PULLO', 49),
(518, 'PUYUSCA', 49),
(519, 'SAN FRANCISCO DE RAVACAYCO', 49),
(520, 'UPAHUACHO', 49),
(521, 'PAUSA', 50),
(522, 'COLTA', 50),
(523, 'CORCULLA', 50),
(524, 'LAMPA', 50),
(525, 'MARCABAMBA', 50),
(526, 'OYOLO', 50),
(527, 'PARARCA', 50),
(528, 'SAN JAVIER DE ALPABAMBA', 50),
(529, 'SAN JOSE DE USHUA', 50),
(530, 'SARA SARA', 50),
(531, 'QUEROBAMBA', 51),
(532, 'BELEN', 51),
(533, 'CHALCOS', 51),
(534, 'CHILCAYOC', 51),
(535, 'HUACA&Ntilde;A', 51),
(536, 'MORCOLLA', 51),
(537, 'PAICO', 51),
(538, 'SAN PEDRO DE LARCAY', 51),
(539, 'SAN SALVADOR DE QUIJE', 51),
(540, 'SANTIAGO DE PAUCARAY', 51),
(541, 'SORAS', 51),
(542, 'HUANCAPI', 52),
(543, 'ALCAMENCA', 52),
(544, 'APONGO', 52),
(545, 'ASQUIPATA', 52),
(546, 'CANARIA', 52),
(547, 'CAYARA', 52),
(548, 'COLCA', 52),
(549, 'HUAMANQUIQUIA', 52),
(550, 'HUANCARAYLLA', 52),
(551, 'HUAYA', 52),
(552, 'SARHUA', 52),
(553, 'VILCANCHOS', 52),
(554, 'VILCAS HUAMAN', 53),
(555, 'ACCOMARCA', 53),
(556, 'CARHUANCA', 53),
(557, 'CONCEPCION', 53),
(558, 'HUAMBALPA', 53),
(569, 'INDEPENDENCIA', 53),
(560, 'SAURAMA', 53),
(561, 'VISCHONGO', 53),
(562, 'CAJAMARCA', 54),
(563, 'ASUNCION', 54),
(564, 'CHETILLA', 54),
(565, 'COSPAN', 54),
(566, 'ENCA&Ntilde;ADA', 54),
(567, 'JESUS', 54),
(568, 'LLACANORA', 54),
(559, 'LOS BA&Ntilde;OS DEL INCA', 54),
(570, 'MAGDALENA', 54),
(571, 'MATARA', 54),
(572, 'NAMORA', 54),
(573, 'SAN JUAN', 54),
(574, 'CAJABAMBA', 55),
(575, 'CACHACHI', 55),
(576, 'CONDEBAMBA', 55),
(577, 'SITACOCHA', 55),
(578, 'CELENDIN', 56),
(579, 'CHUMUCH', 56),
(580, 'CORTEGANA', 56),
(581, 'HUASMIN', 56),
(582, 'JORGE CHAVEZ', 56),
(583, 'JOSE GALVEZ', 56),
(584, 'MIGUEL IGLESIAS', 56),
(585, 'OXAMARCA', 56),
(586, 'SOROCHUCO', 56),
(587, 'SUCRE', 56),
(588, 'UTCO', 56),
(589, 'LA LIBERTAD DE PALLAN', 56),
(590, 'CHOTA', 57),
(591, 'ANGUIA', 57),
(592, 'CHADIN', 57),
(593, 'CHIGUIRIP', 57),
(594, 'CHIMBAN', 57),
(595, 'CHOROPAMPA', 57),
(596, 'COCHABAMBA', 57),
(597, 'CONCHAN', 57),
(598, 'HUAMBOS', 57),
(600, 'LAJAS', 57),
(601, 'LLAMA', 57),
(602, 'MIRACOSTA', 57),
(603, 'PACCHA', 57),
(604, 'PION', 57),
(605, 'QUEROCOTO', 57),
(606, 'SAN JUAN DE LICUPIS', 57),
(607, 'TACABAMBA', 57),
(608, 'TOCMOCHE', 57),
(609, 'CHALAMARCA', 57),
(610, 'CONTUMAZA', 58),
(611, 'CHILETE', 58),
(612, 'CUPISNIQUE', 58),
(613, 'GUZMANGO', 58),
(614, 'SAN BENITO', 58),
(615, 'SANTA CRUZ DE TOLED', 58),
(616, 'TANTARICA', 58),
(617, 'YONAN', 58),
(618, 'CUTERVO', 59),
(619, 'CALLAYUC', 59),
(620, 'CHOROS', 59),
(621, 'CUJILLO', 59),
(622, 'LA RAMADA', 59),
(623, 'PIMPINGOS', 59),
(624, 'QUEROCOTILLO', 59),
(625, 'SAN ANDRES DE CUTERVO', 59),
(626, 'SAN JUAN DE CUTERVO', 59),
(627, 'SAN LUIS DE LUCMA', 59),
(628, 'SANTA CRUZ', 59),
(629, 'SANTO DOMINGO DE LA CAPILLA', 59),
(630, 'SANTO TOMAS', 59),
(631, 'SOCOTA', 59),
(632, 'TORIBIO CASANOVA', 59),
(633, 'BAMBAMARCA', 60),
(634, 'CHUGUR', 60),
(635, 'HUALGAYOC', 60),
(636, 'JAEN', 61),
(637, 'BELLAVISTA', 61),
(638, 'CHONTALI', 61),
(639, 'COLASAY', 61),
(640, 'HUABAL', 61),
(641, 'LAS PIRIAS', 61),
(642, 'POMAHUACA', 61),
(643, 'PUCARA', 61),
(644, 'SALLIQUE', 61),
(645, 'SAN FELIPE', 61),
(646, 'SAN JOSE DEL ALTO', 61),
(647, 'SANTA ROSA', 61),
(648, 'SAN IGNACIO', 62),
(649, 'CHIRINOS', 62),
(650, 'HUARANGO', 62),
(651, 'LA COIPA', 62),
(652, 'NAMBALLE', 62),
(653, 'SAN JOSE DE LOURDES', 62),
(654, 'TABACONAS', 62),
(655, 'PEDRO GALVEZ', 63),
(656, 'CHANCAY', 63),
(657, 'EDUARDO VILLANUEVA', 63),
(658, 'GREGORIO PITA', 63),
(659, 'ICHOCAN', 63),
(660, 'JOSE MANUEL QUIROZ', 63),
(661, 'JOSE SABOGAL', 63),
(662, 'SAN MIGUEL', 64),
(663, 'BOLIVAR', 64),
(664, 'CALQUIS', 64),
(665, 'CATILLUC', 64),
(666, 'EL PRADO', 64),
(667, 'LA FLORIDA', 64),
(668, 'LLAPA', 64),
(669, 'NANCHOC', 64),
(670, 'NIEPOS', 64),
(671, 'SAN GREGORIO', 64),
(672, 'SAN SILVESTRE DE COCHAN', 64),
(673, 'TONGOD', 64),
(674, 'UNION AGUA BLANCA', 64),
(675, 'SAN PABLO', 65),
(676, 'SAN BERNARDINO', 65),
(677, 'SAN LUIS', 65),
(678, 'TUMBADEN', 65),
(679, 'SANTA CRUZ', 66),
(680, 'ANDABAMBA', 66),
(681, 'CATACHE', 66),
(682, 'CHANCAYBA&Ntilde;OS', 66),
(683, 'LA ESPERANZA', 66),
(684, 'NINABAMBA', 66),
(685, 'PULAN', 66),
(686, 'SAUCEPAMPA', 66),
(687, 'SEXI', 66),
(688, 'UTICYACU', 66),
(689, 'YAUYUCAN', 66),
(690, 'CALLAO', 67),
(691, 'BELLAVISTA', 67),
(692, 'CARMEN DE LA LEGUA REYNOSO', 67),
(693, 'LA PERLA', 67),
(694, 'LA PUNTA', 67),
(695, 'VENTANILLA', 67),
(696, 'MI PERU', 67),
(697, 'CUSCO', 68),
(698, 'CCORCA', 68),
(699, 'POROY', 68),
(700, 'SAN JERONIMO', 68),
(701, 'SAN SEBASTIAN', 68),
(702, 'SANTIAGO', 68),
(703, 'SAYLLA', 68),
(704, 'WANCHAQ', 68),
(705, 'ACOMAYO', 69),
(706, 'ACOPIA', 69),
(707, 'ACOS', 69),
(708, 'MOSOC LLACTA', 69),
(709, 'POMACANCHI', 69),
(710, 'RONDOCAN', 69),
(711, 'SANGARARA', 69),
(712, 'ANTA', 70),
(713, 'ANCAHUASI', 70),
(714, 'CACHIMAYO', 70),
(715, 'CHINCHAYPUJIO', 70),
(716, 'HUAROCONDO', 70),
(717, 'LIMATAMBO', 70),
(718, 'MOLLEPATA', 70),
(719, 'PUCYURA', 70),
(720, 'ZURITE', 70),
(721, 'CALCA', 71),
(722, 'COYA', 71),
(723, 'LAMAY', 71),
(724, 'LARES', 71),
(725, 'PISAC', 71),
(726, 'SAN SALVADOR', 71),
(727, 'TARAY', 71),
(728, 'YANATILE', 71),
(729, 'YANAOCA', 72),
(730, 'CHECCA', 72),
(731, 'KUNTURKANKI', 72),
(732, 'LANGUI', 72),
(733, 'LAYO', 72),
(734, 'PAMPAMARCA', 72),
(735, 'QUEHUE', 72),
(736, 'TUPAC AMARU', 72),
(737, 'SICUANI', 73),
(738, 'CHECACUPE', 73),
(739, 'COMBAPATA', 73),
(740, 'MARANGANI', 73),
(741, 'PITUMARCA', 73),
(742, 'SAN PABLO', 73),
(743, 'SAN PEDRO', 73),
(744, 'TINTA', 73),
(745, 'SANTO TOMAS', 74),
(746, 'CAPACMARCA', 74),
(747, 'CHAMACA', 74),
(748, 'COLQUEMARCA', 74),
(749, 'LIVITACA', 74),
(750, 'LLUSCO', 74),
(751, 'QUI&Ntilde;OTA', 74),
(752, 'VELILLE', 74),
(753, 'ESPINAR', 75),
(754, 'CONDOROMA', 75),
(755, 'COPORAQUE', 75),
(756, 'OCORURO', 75),
(757, 'PALLPATA', 75),
(758, 'PICHIGUA', 75),
(759, 'SUYCKUTAMBO', 75),
(760, 'ALTO PICHIGUA', 75),
(761, 'SANTA ANA', 76),
(762, 'ECHARATE', 76),
(763, 'HUAYOPATA', 76),
(764, 'MARANURA', 76),
(765, 'OCOBAMBA', 76),
(766, 'QUELLOUNO', 76),
(767, 'KIMBIRI', 76),
(768, 'SANTA TERESA', 76),
(769, 'VILCABAMBA', 76),
(770, 'INKAWASI', 76),
(771, 'VILLA VIRGEN', 76),
(772, 'VILLA KINTIARINA', 76),
(773, 'MEGANTONI', 76),
(774, 'PARURO', 77),
(775, 'ACCHA', 77),
(776, 'CCAPI', 77),
(777, 'COLCHA', 77),
(778, 'HUANOQUITE', 77),
(779, 'OMACHA', 77),
(780, 'PACCARITAMBO', 77),
(781, 'PILLPINTO', 77),
(782, 'YAURISQUE', 77),
(783, 'PAUCARTAMBO', 78),
(784, 'CAICAY', 78),
(785, 'CHALLABAMBA', 78),
(786, 'COLQUEPATA', 78),
(787, 'HUANCARANI', 78),
(788, 'KOS&Ntilde;IPATA', 78),
(789, 'URCOS', 79),
(790, 'ANDAHUAYLILLAS', 79),
(791, 'CAMANTI', 79),
(792, 'CCARHUAYO', 79),
(793, 'CCATCA', 79),
(794, 'CUSIPATA', 79),
(795, 'HUARO', 79),
(796, 'LUCRE', 79),
(797, 'MARCAPATA', 79),
(798, 'OCONGATE', 79),
(799, 'OROPESA', 79),
(800, 'QUIQUIJANA', 79),
(801, 'URUBAMBA', 80),
(802, 'CHINCHERO', 80),
(803, 'HUAYLLABAMBA', 80),
(804, 'MACHUPICCHU', 80),
(805, 'MARAS', 80),
(806, 'OLLANTAYTAMBO', 80),
(807, 'YUCAY', 80),
(808, 'HUANCAVELICA', 81),
(809, 'ACOBAMBILLA', 81),
(810, 'ACORIA', 81),
(811, 'CONAYCA', 81),
(812, 'CUENCA', 81),
(813, 'HUACHOCOLPA', 81),
(814, 'HUAYLLAHUARA', 81),
(815, 'IZCUCHACA', 81),
(816, 'LARIA', 81),
(817, 'MANTA', 81),
(818, 'MARISCAL CACERES', 81),
(819, 'MOYA', 81),
(820, 'NUEVO OCCORO', 81),
(821, 'PALCA', 81),
(822, 'PILCHACA', 81),
(823, 'VILCA', 81),
(824, 'YAULI', 81),
(825, 'ASCENSION', 81),
(826, 'HUANDO', 81),
(827, 'ACOBAMBA', 82),
(828, 'ANDABAMBA', 82),
(829, 'ANTA', 82),
(830, 'CAJA', 82),
(831, 'MARCAS', 82),
(832, 'PAUCARA', 82),
(833, 'POMACOCHA', 82),
(834, 'ROSARIO', 82),
(835, 'LIRCAY', 83),
(836, 'ANCHONGA', 83),
(837, 'CALLANMARCA', 83),
(838, 'CCOCHACCASA', 83),
(839, 'CHINCHO', 83),
(840, 'CONGALLA', 83),
(841, 'HUANCA-HUANCA', 83),
(842, 'HUAYLLAY GRANDE', 83),
(843, 'JULCAMARCA', 83),
(844, 'SAN ANTONIO DE ANTAPARCO', 83),
(845, 'SANTO TOMAS DE PATA', 83),
(846, 'SECCLLA', 83),
(847, 'CASTROVIRREYNA', 84),
(848, 'ARMA', 84),
(849, 'AURAHUA', 84),
(850, 'CAPILLAS', 84),
(851, 'CHUPAMARCA', 84),
(852, 'COCAS', 84),
(853, 'HUACHOS', 84),
(854, 'HUAMATAMBO', 84),
(855, 'MOLLEPAMPA', 84),
(856, 'SAN JUAN', 84),
(857, 'SANTA ANA', 84),
(858, 'TANTARA', 84),
(859, 'TICRAPO', 84),
(860, 'CHURCAMPA', 85),
(861, 'ANCO', 85),
(862, 'CHINCHIHUASI', 85),
(863, 'EL CARMEN', 85),
(864, 'LA MERCED', 85),
(865, 'LOCROJA', 85),
(866, 'PAUCARBAMBA', 85),
(867, 'SAN MIGUEL DE MAYOCC', 85),
(868, 'SAN PEDRO DE CORIS', 85),
(869, 'PACHAMARCA', 85),
(870, 'COSME', 85),
(871, 'HUAYTARA', 86),
(872, 'AYAVI', 86),
(873, 'CORDOVA', 86),
(874, 'HUAYACUNDO ARMA', 86),
(875, 'LARAMARCA', 86),
(876, 'OCOYO', 86),
(877, 'PILPICHACA', 86),
(878, 'QUERCO', 86),
(879, 'QUITO-ARMA', 86),
(880, 'SAN ANTONIO DE CUSICANCHA', 86),
(881, 'SAN FRANCISCO DE SANGAYAICO', 86),
(882, 'SAN ISIDRO', 86),
(883, 'SANTIAGO DE CHOCORVOS', 86),
(884, 'SANTIAGO DE QUIRAHUARA', 86),
(885, 'SANTO DOMINGO DE CAPILLAS', 86),
(886, 'TAMBO', 86),
(887, 'PAMPAS', 87),
(888, 'ACOSTAMBO', 87),
(889, 'ACRAQUIA', 87),
(890, 'AHUAYCHA', 87),
(891, 'COLCABAMBA', 87),
(892, 'DANIEL HERNANDEZ', 87),
(893, 'HUACHOCOLPA', 87),
(894, 'HUARIBAMBA', 87),
(895, '&Ntilde;AHUIMPUQUIO', 87),
(896, 'PAZOS', 87),
(897, 'QUISHUAR', 87),
(898, 'SALCABAMBA', 87),
(899, 'SALCAHUASI', 87),
(900, 'SAN MARCOS DE ROCCHAC', 87),
(901, 'SURCUBAMBA', 87),
(902, 'TINTAY PUNCU', 87),
(903, 'QUICHUAS', 87),
(904, 'ANDAYMARCA', 87),
(905, 'ROBLE', 87),
(906, 'PICHOS', 87),
(907, 'SANTIAGO DE TUCUMA', 87),
(908, 'HUANUCO', 88),
(909, 'AMARILIS', 88),
(910, 'CHINCHAO', 88),
(911, 'CHURUBAMBA', 88),
(912, 'MARGOS', 88),
(913, 'QUISQUI', 88),
(914, 'SAN FRANCISCO DE CAYRAN', 88),
(915, 'SAN PEDRO DE CHAULAN', 88),
(916, 'SANTA MARIA DEL VALLE', 88),
(917, 'YARUMAYO', 88),
(918, 'PILLCO MARCA', 88),
(919, 'YACUS', 88),
(920, 'SAN PABLO DE PILLAO', 88),
(921, 'AMBO', 89),
(922, 'CAYNA', 89),
(923, 'COLPAS', 89),
(924, 'CONCHAMARCA', 89),
(925, 'HUACAR', 89),
(926, 'SAN FRANCISCO', 89),
(927, 'SAN RAFAEL', 89),
(928, 'TOMAY KICHWA', 89),
(929, 'LA UNION', 90),
(930, 'CHUQUIS', 90),
(931, 'MARIAS', 90),
(932, 'PACHAS', 90),
(933, 'QUIVILLA', 90),
(934, 'RIPAN', 90),
(935, 'SHUNQUI', 90),
(936, 'SILLAPATA', 90),
(937, 'YANAS', 90),
(938, 'HUACAYBAMBA', 91),
(939, 'CANCHABAMBA', 91),
(940, 'COCHABAMBA', 91),
(941, 'PINRA', 91),
(942, 'LLATA', 92),
(943, 'ARANCAY', 92),
(944, 'CHAVIN DE PARIARCA', 92),
(945, 'JACAS GRANDE', 92),
(946, 'JIRCAN', 92),
(947, 'MIRAFLORES', 92),
(948, 'MONZON', 92),
(949, 'PUNCHAO', 92),
(950, 'PU&Ntilde;OS', 92),
(951, 'SINGA', 92),
(952, 'TANTAMAYO', 92),
(953, 'RUPA-RUPA', 93),
(954, 'DANIEL ALOMIA ROBLES', 93),
(955, 'HERMILIO VALDIZAN', 93),
(956, 'JOSE CRESPO Y CASTILLO', 93),
(957, 'LUYANDO', 93),
(958, 'PUCAYACU', 93),
(959, 'CASTILLO GRNADE', 93),
(960, 'PUEBLO NUEVO', 93),
(961, 'SANTA DOMINGO DE ANDA', 93),
(962, 'HUACRACHUCO', 94),
(963, 'CHOLON', 94),
(964, 'SAN BUENAVENTURA', 94),
(965, 'LA MORADA', 94),
(966, 'DANTA ROSA DE ALTO YANAJANCA', 94),
(967, 'PANAO', 95),
(968, 'CHAGLLA', 95),
(969, 'MOLINO', 95),
(970, 'UMARI', 95),
(971, 'PUERTO INCA', 96),
(972, 'CODO DEL POZUZO', 96),
(973, 'HONORIA', 96),
(974, 'TOURNAVISTA', 96),
(975, 'YUYAPICHIS', 96),
(976, 'JESUS', 97),
(977, 'BA&Ntilde;OS', 97),
(978, 'JIVIA', 97),
(979, 'QUEROPALCA', 97),
(980, 'RONDOS', 97),
(981, 'SAN FRANCISCO DE ASIS', 97),
(982, 'SAN MIGUEL DE CAURI', 97),
(983, 'CHAVINILLO', 98),
(984, 'CAHUAC', 98),
(985, 'CHACABAMBA', 98),
(986, 'APARICIO POMARES', 98),
(987, 'JACAS CHICO', 98),
(988, 'OBAS', 98),
(989, 'PAMPAMARCA', 98),
(990, 'CHORAS', 98),
(991, 'ICA', 99),
(992, 'LA TINGUI&Ntilde;A', 99),
(993, 'LOS AQUIJES', 99),
(994, 'OCUCAJE', 99),
(995, 'PACHACUTEC', 99),
(996, 'PARCONA', 99),
(997, 'PUEBLO NUEVO', 99),
(998, 'SALAS', 99),
(999, 'SAN JOSE DE LOS MOLINOS', 99),
(1000, 'SAN JUAN BAUTISTA', 99),
(1001, 'SANTIAGO', 99),
(1002, 'SUBTANJALLA', 99),
(1003, 'TATE', 99),
(1004, 'YAUCA DEL ROSARIO', 99),
(1005, 'CHINCHA ALTA', 100),
(1006, 'ALTO LARAN', 100),
(1007, 'CHAVIN', 100),
(1008, 'CHINCHA BAJA', 100),
(1009, 'EL CARMEN', 100),
(1010, 'GROCIO PRADO', 100),
(1011, 'PUEBLO NUEVO', 100),
(1012, 'SAN JUAN DE YANAC', 100),
(1013, 'SAN PEDRO DE HUACARPANA', 100),
(1014, 'SUNAMPE', 100),
(1015, 'TAMBO DE MORA', 100),
(1016, 'NAZCA', 101),
(1017, 'CHANGUILLO', 101),
(1018, 'EL INGENIO', 101),
(1019, 'MARCONA', 101),
(1020, 'VISTA ALEGRE', 101),
(1021, 'PALPA', 102),
(1022, 'LLIPATA', 102),
(1023, 'RIO GRANDE', 102),
(1024, 'SANTA CRUZ', 102),
(1025, 'TIBILLO', 102),
(1026, 'PISCO', 103),
(1027, 'HUANCANO', 103),
(1028, 'HUMAY', 103),
(1029, 'INDEPENDENCIA', 103),
(1030, 'PARACAS', 103),
(1031, 'SAN ANDRES', 103),
(1032, 'SAN CLEMENTE', 103),
(1033, 'TUPAC AMARU INCA', 103),
(1034, 'HUANCAYO', 104),
(1035, 'CARHUACALLANGA', 104),
(1036, 'CHACAPAMPA', 104),
(1037, 'CHICCHE', 104),
(1038, 'CHILCA', 104),
(1039, 'CHONGOS ALTO', 104),
(1040, 'CHUPURO', 104),
(1041, 'COLCA', 104),
(1042, 'CULLHUAS', 104),
(1043, 'EL TAMBO', 104),
(1044, 'HUACRAPUQUIO', 104),
(1045, 'HUALHUAS', 104),
(1046, 'HUANCAN', 104),
(1047, 'HUASICANCHA', 104),
(1048, 'HUAYUCACHI', 104),
(1049, 'INGENIO', 104),
(1050, 'PARIAHUANCA', 104),
(1051, 'PILCOMAYO', 104),
(1052, 'PUCARA', 104),
(1053, 'QUICHUAY', 104),
(1054, 'QUILCAS', 104),
(1055, 'SAN AGUSTIN', 104),
(1056, 'SAN JERONIMO DE TUNAN', 104),
(1057, 'SA&Ntilde;O', 104),
(1058, 'SAPALLANGA', 104),
(1059, 'SICAYA', 104),
(1060, 'SANTO DOMINGO DE ACOBAMBA', 104),
(1061, 'VIQUES', 104),
(1062, 'CONCEPCION', 105),
(1063, 'ACO', 105),
(1064, 'ANDAMARCA', 105),
(1065, 'CHAMBARA', 105),
(1066, 'COCHAS', 105),
(1067, 'COMAS', 105),
(1068, 'HEROINAS TOLEDO', 105),
(1069, 'MANZANARES', 105),
(1070, 'MARISCAL CASTILLA', 105),
(1071, 'MATAHUASI', 105),
(1072, 'MITO', 105),
(1073, 'NUEVE DE JULIO', 105),
(1074, 'ORCOTUNA', 105),
(1075, 'SAN JOSE DE QUERO', 105),
(1076, 'SANTA ROSA DE OCOPA', 105),
(1077, 'CHANCHAMAYO', 106),
(1078, 'PERENE', 106),
(1079, 'PICHANAQUI', 106),
(1080, 'SAN LUIS DE SHUARO', 106),
(1081, 'SAN RAMON', 106),
(1082, 'VITOC', 106),
(1083, 'JAUJA', 107),
(1084, 'ACOLLA', 107),
(1085, 'APATA', 107),
(1086, 'ATAURA', 107),
(1087, 'CANCHAYLLO', 107),
(1088, 'CURICACA', 107),
(1089, 'EL MANTARO', 107),
(1090, 'HUAMALI', 107),
(1091, 'HUARIPAMPA', 107),
(1092, 'HUERTAS', 107),
(1093, 'JANJAILLO', 107),
(1094, 'JULCAN', 107),
(1095, 'LEONOR ORDO&Ntilde;EZ', 107),
(1096, 'LLOCLLAPAMPA', 107),
(1097, 'MARCO', 107),
(1098, 'MASMA', 107),
(1099, 'MASMA CHICCHE', 107),
(1100, 'MOLINOS', 107),
(1101, 'MONOBAMBA', 107),
(1102, 'MUQUI', 107),
(1103, 'MUQUIYAUYO', 107),
(1104, 'PACA', 107),
(1105, 'PACCHA', 107),
(1106, 'PANCAN', 107),
(1107, 'PARCO', 107),
(1108, 'POMACANCHA', 107),
(1109, 'RICRAN', 107),
(1110, 'SAN LORENZO', 107),
(1111, 'SAN PEDRO DE CHUNAN', 107),
(1112, 'SAUSA', 107),
(1113, 'SINCOS', 107),
(1114, 'TUNAN MARCA', 107),
(1115, 'YAULI', 107),
(1116, 'YAUYOS', 107),
(1117, 'JUNIN', 108),
(1118, 'CARHUAMAYO', 108),
(1119, 'ONDORES', 108),
(1120, 'ULCUMAYO', 108),
(1121, 'SATIPO', 109),
(1122, 'COVIRIALI', 109),
(1123, 'LLAYLLA', 109),
(1124, 'MAZAMARI', 109),
(1125, 'PAMPA HERMOSA', 109),
(1126, 'PANGOA', 109),
(1127, 'RIO NEGRO', 109),
(1128, 'RIO TAMBO', 109),
(1129, 'VIZCATAN DEL ENE', 109),
(1130, 'TARMA', 110),
(1131, 'ACOBAMBA', 110),
(1132, 'HUARICOLCA', 110),
(1133, 'HUASAHUASI', 110),
(1134, 'LA UNION', 110),
(1135, 'PALCA', 110),
(1136, 'PALCAMAYO', 110),
(1137, 'SAN PEDRO DE CAJAS', 110),
(1138, 'TAPO', 110),
(1139, 'LA OROYA', 111),
(1140, 'CHACAPALPA', 111),
(1141, 'HUAY-HUAY', 111),
(1142, 'MARCAPOMACOCHA', 111),
(1143, 'MOROCOCHA', 111),
(1144, 'PACCHA', 111),
(1145, 'SANTA BARBARA DE CARHUACAYAN', 111),
(1146, 'SANTA ROSA DE SACCO', 111),
(1147, 'SUITUCANCHA', 111),
(1148, 'YAULI', 111),
(1149, 'CHUPACA', 112),
(1150, 'AHUAC', 112),
(1151, 'CHONGOS BAJO', 112),
(1152, 'HUACHAC', 112),
(1153, 'HUAMANCACA CHICO', 112),
(1154, 'SAN JUAN DE ISCOS', 112),
(1155, 'SAN JUAN DE JARPA', 112),
(1156, 'TRES DE DICIEMBRE', 112),
(1157, 'YANACANCHA', 112),
(1158, 'TRUJILLO', 113),
(1159, 'EL PORVENIR', 113),
(1160, 'FLORENCIA DE MORA', 113),
(1161, 'HUANCHACO', 113),
(1162, 'LA ESPERANZA', 113),
(1163, 'LAREDO', 113),
(1164, 'MOCHE', 113),
(1165, 'POROTO', 113),
(1166, 'SALAVERRY', 113),
(1167, 'SIMBAL', 113),
(1168, 'VICTOR LARCO HERRERA', 113),
(1169, 'ASCOPE', 114),
(1170, 'CHICAMA', 114),
(1171, 'CHOCOPE', 114),
(1172, 'MAGDALENA DE CAO', 114),
(1173, 'PAIJAN', 114),
(1174, 'RAZURI', 114),
(1175, 'SANTIAGO DE CAO', 114),
(1176, 'CASA GRANDE', 114),
(1177, 'BOLIVAR', 115),
(1178, 'BAMBAMARCA', 115),
(1179, 'CONDORMARCA', 115),
(1180, 'LONGOTEA', 115),
(1181, 'UCHUMARCA', 115),
(1182, 'UCUNCHA', 115),
(1183, 'CHEPEN', 116),
(1184, 'PACANGA', 116),
(1185, 'PUEBLO NUEVO', 116),
(1186, 'JULCAN', 117),
(1187, 'CALAMARCA', 117),
(1188, 'CARABAMBA', 117),
(1189, 'HUASO', 117),
(1190, 'OTUZCO', 118),
(1191, 'AGALLPAMPA', 118),
(1192, 'CHARAT', 118),
(1193, 'HUARANCHAL', 118),
(1194, 'LA CUESTA', 118),
(1195, 'MACHE', 118),
(1196, 'PARANDAY', 118),
(1197, 'SALPO', 118),
(1198, 'SINSICAP', 118),
(1199, 'USQUIL', 118),
(1200, 'SAN PEDRO DE LLOC', 119),
(1201, 'GUADALUPE', 119),
(1202, 'JEQUETEPEQUE', 119),
(1203, 'PACASMAYO', 119),
(1204, 'SAN JOSE', 119),
(1205, 'TAYABAMBA', 120),
(1206, 'BULDIBUYO', 120),
(1207, 'CHILLIA', 120),
(1208, 'HUANCASPATA', 120),
(1209, 'HUAYLILLAS', 120),
(1210, 'HUAYO', 120),
(1211, 'ONGON', 120),
(1212, 'PARCOY', 120),
(1213, 'PATAZ', 120),
(1214, 'PIAS', 120),
(1215, 'SANTIAGO DE CHALLAS', 120),
(1216, 'TAURIJA', 120),
(1217, 'URPAY', 120),
(1218, 'HUAMACHUCO', 121),
(1219, 'CHUGAY', 121),
(1220, 'COCHORCO', 121),
(1221, 'CURGOS', 121),
(1222, 'MARCABAL', 121),
(1223, 'SANAGORAN', 121),
(1224, 'SARIN', 121),
(1225, 'SARTIMBAMBA', 121),
(1226, 'SANTIAGO DE CHUCO', 122),
(1227, 'ANGASMARCA', 122),
(1228, 'CACHICADAN', 122),
(1229, 'MOLLEBAMBA', 122),
(1230, 'MOLLEPATA', 122),
(1231, 'QUIRUVILCA', 122),
(1232, 'SANTA CRUZ DE CHUCA', 122),
(1233, 'SITABAMBA', 122),
(1234, 'CASCAS', 123),
(1235, 'LUCMA', 123),
(1236, 'MARMOT', 123),
(1237, 'SAYAPULLO', 123),
(1238, 'VIRU', 124),
(1239, 'CHAO', 124),
(1240, 'GUADALUPITO', 124),
(1241, 'CHICLAYO', 125),
(1242, 'CHONGOYAPE', 125),
(1243, 'ETEN', 125),
(1244, 'ETEN PUERTO', 125),
(1245, 'JOSE LEONARDO ORTIZ', 125),
(1246, 'LA VICTORIA', 125),
(1247, 'LAGUNAS', 125),
(1248, 'MONSEFU', 125),
(1249, 'NUEVA ARICA', 125),
(1250, 'OYOTUN', 125),
(1251, 'PICSI', 125),
(1252, 'PIMENTEL', 125),
(1253, 'REQUE', 125),
(1254, 'SANTA ROSA', 125),
(1255, 'SA&Ntilde;A', 125),
(1256, 'CAYALTI', 125),
(1257, 'PATAPO', 125),
(1258, 'POMALCA', 125),
(1259, 'PUCALA', 125),
(1874, 'TUMAN', 125),
(1260, 'FERRE&Ntilde;AFE', 126),
(1261, 'CA&Ntilde;ARIS', 126),
(1262, 'INCAHUASI', 126),
(1263, 'MANUEL ANTONIO MESONES MURO', 126),
(1264, 'PITIPO', 126),
(1265, 'PUEBLO NUEVO', 126),
(1266, 'LAMBAYEQUE', 127),
(1267, 'CHOCHOPE', 127),
(1268, 'ILLIMO', 127),
(1269, 'JAYANCA', 127),
(1270, 'MOCHUMI', 127),
(1271, 'MORROPE', 127),
(1272, 'MOTUPE', 127),
(1273, 'OLMOS', 127),
(1274, 'PACORA', 127),
(1275, 'SALAS', 127),
(1276, 'SAN JOSE', 127),
(1277, 'TUCUME', 127),
(1278, 'LIMA', 128),
(1279, 'ANCON', 128),
(1280, 'ATE', 128),
(1281, 'BARRANCO', 128),
(1282, 'BRE&Ntilde;A', 128),
(1283, 'CARABAYLLO', 128),
(1284, 'CHACLACAYO', 128),
(1285, 'CHORRILLOS', 128),
(1286, 'CIENEGUILLA', 128),
(1287, 'COMAS', 128),
(1288, 'EL AGUSTINO', 128),
(1289, 'INDEPENDENCIA', 128),
(1290, 'JESUS MARIA', 128),
(1291, 'LA MOLINA', 128),
(1292, 'LA VICTORIA', 128),
(1293, 'LINCE', 128),
(1294, 'LOS OLIVOS', 128),
(1295, 'LURIGANCHO', 128),
(1296, 'LURIN', 128),
(1297, 'MAGDALENA DEL MAR', 128),
(1298, 'PUEBLO LIBRE', 128),
(1299, 'MIRAFLORES', 128),
(1300, 'PACHACAMAC', 128),
(1301, 'PUCUSANA', 128),
(1302, 'PUENTE PIEDRA', 128),
(1303, 'PUNTA HERMOSA', 128),
(1304, 'PUNTA NEGRA', 128),
(1305, 'RIMAC', 128),
(1306, 'SAN BARTOLO', 128),
(1307, 'SAN BORJA', 128),
(1308, 'SAN ISIDRO', 128),
(1309, 'SAN JUAN DE LURIGANCHO', 128),
(1310, 'SAN JUAN DE MIRAFLORES', 128),
(1311, 'SAN LUIS', 128),
(1312, 'SAN MARTIN DE PORRES', 128),
(1313, 'SAN MIGUEL', 128),
(1314, 'SANTA ANITA', 128),
(1315, 'SANTA MARIA DEL MAR', 128),
(1316, 'SANTA ROSA', 128),
(1317, 'SANTIAGO DE SURCO', 128),
(1318, 'SURQUILLO', 128),
(1319, 'VILLA EL SALVADOR', 128),
(1320, 'VILLA MARIA DEL TRIUNFO', 128),
(1321, 'BARRANCA', 129),
(1322, 'PARAMONGA', 129),
(1323, 'PATIVILCA', 129),
(1324, 'SUPE', 129),
(1325, 'SUPE PUERTO', 129),
(1326, 'CAJATAMBO', 130),
(1327, 'COPA', 130),
(1328, 'GORGOR', 130),
(1329, 'HUANCAPON', 130),
(1330, 'MANAS', 130),
(1331, 'CANTA', 131),
(1332, 'ARAHUAY', 131),
(1333, 'HUAMANTANGA', 131),
(1334, 'HUAROS', 131),
(1335, 'LACHAQUI', 131),
(1336, 'SAN BUENAVENTURA', 131),
(1337, 'SANTA ROSA DE QUIVES', 131),
(1338, 'SAN VICENTE DE CA&Ntilde;ETE', 132),
(1339, 'ASIA', 132),
(1340, 'CALANGO', 132),
(1341, 'CERRO AZUL', 132),
(1342, 'CHILCA', 132),
(1343, 'COAYLLO', 132),
(1344, 'IMPERIAL', 132),
(1345, 'LUNAHUANA', 132),
(1346, 'MALA', 132),
(1347, 'NUEVO IMPERIAL', 132),
(1348, 'PACARAN', 132),
(1349, 'QUILMANA', 132),
(1350, 'SAN ANTONIO', 132),
(1351, 'SAN LUIS', 132),
(1352, 'SANTA CRUZ DE FLORES', 132),
(1353, 'ZU&Ntilde;IGA', 132),
(1354, 'HUARAL', 133),
(1355, 'ATAVILLOS ALTO', 133),
(1356, 'ATAVILLOS BAJO', 133),
(1357, 'AUCALLAMA', 133),
(1358, 'CHANCAY', 133),
(1359, 'IHUARI', 133),
(1360, 'LAMPIAN', 133),
(1361, 'PACARAOS', 133),
(1362, 'SAN MIGUEL DE ACOS', 133),
(1363, 'SANTA CRUZ DE ANDAMARCA', 133),
(1364, 'SUMBILCA', 133),
(1365, 'VEINTISIETE DE NOVIEMBRE', 133),
(1366, 'MATUCANA', 134),
(1367, 'ANTIOQUIA', 134),
(1368, 'CALLAHUANCA', 134),
(1369, 'CARAMPOMA', 134),
(1370, 'CHICLA', 134),
(1371, 'CUENCA', 134),
(1372, 'HUACHUPAMPA', 134),
(1373, 'HUANZA', 134),
(1374, 'HUAROCHIRI', 134),
(1375, 'LAHUAYTAMBO', 134),
(1376, 'LANGA', 134),
(1377, 'LARAOS', 134),
(1378, 'MARIATANA', 134),
(1379, 'RICARDO PALMA', 134),
(1380, 'SAN ANDRES DE TUPICOCHA', 134),
(1381, 'SAN ANTONIO', 134),
(1382, 'SAN BARTOLOME', 134),
(1383, 'SAN DAMIAN', 134),
(1384, 'SAN JUAN DE IRIS', 134),
(1385, 'SAN JUAN DE TANTARANCHE', 134),
(1386, 'SAN LORENZO DE QUINTI', 134),
(1387, 'SAN MATEO', 134),
(1388, 'SAN MATEO DE OTAO', 134),
(1389, 'SAN PEDRO DE CASTA', 134),
(1390, 'SAN PEDRO DE HUANCAYRE', 134),
(1391, 'SANGALLAYA', 134),
(1392, 'SANTA CRUZ DE COCACHACRA', 134),
(1393, 'SANTA EULALIA', 134),
(1394, 'SANTIAGO DE ANCHUCAYA', 134),
(1395, 'SANTIAGO DE TUNA', 134),
(1396, 'SANTO DOMINGO DE LOS OLLEROS', 134),
(1397, 'SURCO', 134),
(1398, 'HUACHO', 135),
(1399, 'AMBAR', 135),
(1872, 'CALETA DE CARQUIN', 135),
(1400, 'CHECRAS', 135),
(1401, 'HUALMAY', 135),
(1402, 'HUAURA', 135),
(1403, 'LEONCIO PRADO', 135),
(1404, 'PACCHO', 135),
(1405, 'SANTA LEONOR', 135),
(1406, 'SANTA MARIA', 135),
(1407, 'SAYAN', 135),
(1408, 'VEGUETA', 135),
(1409, 'OYON', 136),
(1410, 'ANDAJES', 136),
(1411, 'CAUJUL', 136),
(1412, 'COCHAMARCA', 136),
(1413, 'NAVAN', 136),
(1414, 'PACHANGARA', 136),
(1415, 'YAUYOS', 137),
(1416, 'ALIS', 137),
(1417, 'AYAUCA', 137),
(1418, 'AYAVIRI', 137),
(1419, 'AZANGARO', 137),
(1420, 'CACRA', 137),
(1421, 'CARANIA', 137),
(1422, 'CATAHUASI', 137),
(1423, 'CHOCOS', 137),
(1424, 'COCHAS', 137),
(1425, 'COLONIA', 137),
(1426, 'HONGOS', 137),
(1427, 'HUAMPARA', 137),
(1428, 'HUANCAYA', 137),
(1429, 'HUANGASCAR', 137),
(1430, 'HUANTAN', 137),
(1431, 'HUA&Ntilde;EC', 137),
(1432, 'LARAOS', 137),
(1433, 'LINCHA', 137),
(1434, 'MADEAN', 137),
(1435, 'MIRAFLORES', 137),
(1436, 'OMAS', 137),
(1437, 'PUTINZA', 137),
(1438, 'QUINCHES', 137),
(1439, 'QUINOCAY', 137),
(1440, 'SAN JOAQUIN', 137),
(1441, 'SAN PEDRO DE PILAS', 137),
(1442, 'TANTA', 137),
(1443, 'TAURIPAMPA', 137),
(1444, 'TOMAS', 137),
(1445, 'TUPE', 137),
(1446, 'VI&Ntilde;AC', 137),
(1447, 'VITIS', 137),
(1448, 'IQUITOS', 138),
(1449, 'ALTO NANAY', 138),
(1450, 'FERNANDO LORES', 138),
(1451, 'INDIANA', 138),
(1452, 'LAS AMAZONAS', 138),
(1453, 'MAZAN', 138),
(1454, 'NAPO', 138),
(1455, 'PUNCHANA', 138),
(1456, 'TORRES CAUSANA', 138),
(1457, 'BELEN', 138),
(1458, 'SAN JUAN BAUTISTA', 138),
(1459, 'YURIMAGUAS', 139),
(1460, 'BALSAPUERTO', 139),
(1461, 'JEBEROS', 139),
(1462, 'LAGUNAS', 139),
(1463, 'SANTA CRUZ', 139),
(1464, 'TENIENTE CESAR LOPEZ ROJAS', 139),
(1465, 'NAUTA', 140),
(1466, 'PARINARI', 140),
(1467, 'TIGRE', 140),
(1468, 'TROMPETEROS', 140),
(1469, 'URARINAS', 140),
(1470, 'RAMON CASTILLA', 141),
(1471, 'PEBAS', 141),
(1472, 'YAVARI', 141),
(1473, 'SAN PABLO', 141),
(1474, 'REQUENA', 142),
(1475, 'ALTO TAPICHE', 142),
(1476, 'CAPELO', 142),
(1477, 'EMILIO SAN MARTIN', 142),
(1478, 'MAQUIA', 142),
(1479, 'PUINAHUA', 142),
(1480, 'SAQUENA', 142),
(1481, 'SOPLIN', 142),
(1482, 'TAPICHE', 142),
(1483, 'JENARO HERRERA', 142),
(1484, 'YAQUERANA', 142),
(1485, 'CONTAMANA', 143),
(1486, 'INAHUAYA', 143),
(1487, 'PADRE MARQUEZ', 143),
(1488, 'PAMPA HERMOSA', 143),
(1489, 'SARAYACU', 143),
(1490, 'VARGAS GUERRA', 143),
(1491, 'BARRANCA', 144),
(1492, 'CAHUAPANAS', 144),
(1493, 'MANSERICHE', 144),
(1494, 'MORONA', 144),
(1495, 'PASTAZA', 144),
(1496, 'ANDOAS', 144),
(1497, 'PUTUMAYO', 145),
(1498, 'ROSA PANDURO', 145),
(1499, 'TENIENTE MANUEL CLAVERO', 145),
(1500, 'YAGUAS', 145),
(1501, 'TAMBOPATA', 146),
(1502, 'INAMBARI', 146),
(1503, 'LAS PIEDRAS', 146),
(1504, 'LABERINTO', 146),
(1505, 'MANU', 147),
(1506, 'FITZCARRALD', 147),
(1507, 'MADRE DE DIOS', 147),
(1508, 'HUEPETUHE', 147),
(1509, 'I&Ntilde;APARI', 148),
(1510, 'IBERIA', 148),
(1511, 'TAHUAMANU', 148),
(1512, 'MOQUEGUA', 149),
(1513, 'CARUMAS', 149),
(1514, 'CUCHUMBAYA', 149),
(1515, 'SAMEGUA', 149),
(1516, 'SAN CRISTOBAL', 149),
(1517, 'TORATA', 149),
(1518, 'OMATE', 150),
(1519, 'CHOJATA', 150),
(1520, 'COALAQUE', 150),
(1521, 'ICHU&Ntilde;A', 150),
(1522, 'LA CAPILLA', 150),
(1523, 'LLOQUE', 150),
(1524, 'MATALAQUE', 150),
(1525, 'PUQUINA', 150),
(1526, 'QUINISTAQUILLAS', 150),
(1527, 'UBINAS', 150),
(1528, 'YUNGA', 150),
(1529, 'ILO', 151),
(1530, 'EL ALGARROBAL', 151),
(1531, 'PACOCHA', 151),
(1532, 'CHAUPIMARCA', 152),
(1533, 'HUACHON', 152),
(1534, 'HUARIACA', 152),
(1535, 'HUAYLLAY', 152),
(1536, 'NINACACA', 152),
(1537, 'PALLANCHACRA', 152),
(1538, 'PAUCARTAMBO', 152),
(1539, 'SAN FCO.DE ASIS DE YARUSYACAN', 152),
(1540, 'SIMON BOLIVAR', 152),
(1541, 'TICLACAYAN', 152),
(1542, 'TINYAHUARCO', 152),
(1543, 'VICCO', 152),
(1544, 'YANACANCHA', 152),
(1545, 'YANAHUANCA', 153),
(1546, 'CHACAYAN', 153),
(1547, 'GOYLLARISQUIZGA', 153),
(1548, 'PAUCAR', 153),
(1549, 'SAN PEDRO DE PILLAO', 153),
(1550, 'SANTA ANA DE TUSI', 153),
(1551, 'TAPUC', 153),
(1552, 'VILCABAMBA', 153),
(1553, 'OXAPAMPA', 154),
(1554, 'CHONTABAMBA', 154),
(1555, 'HUANCABAMBA', 154),
(1556, 'PALCAZU', 154),
(1557, 'POZUZO', 154),
(1558, 'PUERTO BERMUDEZ', 154),
(1559, 'VILLA RICA', 154),
(1560, 'CONSTITUCION', 154),
(1561, 'PIURA', 155),
(1562, 'CASTILLA', 155),
(1563, 'CATACAOS', 155),
(1564, 'CURA MORI', 155),
(1565, 'EL TALLAN', 155),
(1566, 'LA ARENA', 155),
(1567, 'LA UNION', 155),
(1568, 'LAS LOMAS', 155),
(1569, 'TAMBO GRANDE', 155),
(1570, 'VEINTISEIS DE OCTUBLE', 155),
(1571, 'AYABACA', 156),
(1572, 'FRIAS', 156),
(1573, 'JILILI', 156),
(1574, 'LAGUNAS', 156),
(1575, 'MONTERO', 156),
(1576, 'PACAIPAMPA', 156),
(1577, 'PAIMAS', 156),
(1578, 'SAPILLICA', 156),
(1579, 'SICCHEZ', 156),
(1580, 'SUYO', 156),
(1581, 'HUANCABAMBA', 157),
(1582, 'CANCHAQUE', 157),
(1583, 'EL CARMEN DE LA FRONTERA', 157),
(1584, 'HUARMACA', 157),
(1585, 'LALAQUIZ', 157),
(1586, 'SAN MIGUEL DE EL FAIQUE', 157),
(1587, 'SONDOR', 157),
(1588, 'SONDORILLO', 157),
(1589, 'CHULUCANAS', 158),
(1590, 'BUENOS AIRES', 158),
(1591, 'CHALACO', 158),
(1592, 'LA MATANZA', 158),
(1593, 'MORROPON', 158),
(1594, 'SALITRAL', 158),
(1595, 'SAN JUAN DE BIGOTE', 158),
(1596, 'SANTA CATALINA DE MOSSA', 158),
(1597, 'SANTO DOMINGO', 158),
(1598, 'YAMANGO', 158),
(1599, 'PAITA', 159),
(1600, 'AMOTAPE', 159),
(1601, 'ARENAL', 159),
(1602, 'COLAN', 159),
(1603, 'LA HUACA', 159),
(1604, 'TAMARINDO', 159),
(1605, 'VICHAYAL', 159),
(1606, 'SULLANA', 160),
(1607, 'BELLAVISTA', 160),
(1608, 'IGNACIO ESCUDERO', 160),
(1609, 'LANCONES', 160),
(1610, 'MARCAVELICA', 160),
(1611, 'MIGUEL CHECA', 160),
(1612, 'QUERECOTILLO', 160),
(1613, 'SALITRAL', 160),
(1614, 'PARI&Ntilde;AS', 161),
(1615, 'EL ALTO', 161),
(1616, 'LA BREA', 161),
(1617, 'LOBITOS', 161),
(1618, 'LOS ORGANOS', 161),
(1619, 'MANCORA', 161),
(1620, 'SECHURA', 162),
(1621, 'BELLAVISTA DE LA UNION', 162),
(1622, 'BERNAL', 162),
(1623, 'CRISTO NOS VALGA', 162),
(1624, 'VICE', 162),
(1625, 'RINCONADA LLICUAR', 162),
(1626, 'PUNO', 163),
(1627, 'ACORA', 163),
(1628, 'AMANTANI', 163),
(1629, 'ATUNCOLLA', 163),
(1630, 'CAPACHICA', 163),
(1631, 'CHUCUITO', 163),
(1632, 'COATA', 163),
(1633, 'HUATA', 163),
(1634, 'MA&Ntilde;AZO', 163),
(1635, 'PAUCARCOLLA', 163),
(1636, 'PICHACANI', 163),
(1637, 'PLATERIA', 163),
(1638, 'SAN ANTONIO', 163),
(1639, 'TIQUILLACA', 163),
(1640, 'VILQUE', 163),
(1641, 'AZANGARO', 164),
(1642, 'ACHAYA', 164),
(1643, 'ARAPA', 164),
(1644, 'ASILLO', 164),
(1645, 'CAMINACA', 164),
(1646, 'CHUPA', 164),
(1647, 'JOSE DOMINGO CHOQUEHUANCA', 164),
(1648, 'MU&Ntilde;ANI', 164),
(1649, 'POTONI', 164),
(1650, 'SAMAN', 164),
(1651, 'SAN ANTON', 164),
(1652, 'SAN JOSE', 164),
(1653, 'SAN JUAN DE SALINAS', 164),
(1654, 'SANTIAGO DE PUPUJA', 164),
(1655, 'TIRAPATA', 164),
(1656, 'MACUSANI', 165),
(1657, 'AJOYANI', 165),
(1658, 'AYAPATA', 165),
(1659, 'COASA', 165),
(1660, 'CORANI', 165),
(1661, 'CRUCERO', 165),
(1662, 'ITUATA', 165),
(1663, 'OLLACHEA', 165),
(1664, 'SAN GABAN', 165),
(1665, 'USICAYOS', 165),
(1666, 'JULI', 166),
(1667, 'DESAGUADERO', 166),
(1668, 'HUACULLANI', 166),
(1669, 'KELLUYO', 166),
(1670, 'PISACOMA', 166),
(1671, 'POMATA', 166),
(1672, 'ZEPITA', 166),
(1673, 'ILAVE', 167),
(1674, 'CAPAZO', 167),
(1675, 'PILCUYO', 167),
(1676, 'SANTA ROSA', 167),
(1677, 'CONDURIRI', 167),
(1678, 'HUANCANE', 168),
(1679, 'COJATA', 168),
(1680, 'HUATASANI', 168),
(1681, 'INCHUPALLA', 168),
(1682, 'PUSI', 168),
(1683, 'ROSASPATA', 168),
(1684, 'TARACO', 168),
(1685, 'VILQUE CHICO', 168),
(1686, 'LAMPA', 169),
(1687, 'CABANILLA', 169),
(1688, 'CALAPUJA', 169),
(1689, 'NICASIO', 169),
(1690, 'OCUVIRI', 169),
(1691, 'PALCA', 169),
(1692, 'PARATIA', 169),
(1693, 'PUCARA', 169),
(1694, 'SANTA LUCIA', 169),
(1695, 'VILAVILA', 169),
(1696, 'AYAVIRI', 170),
(1697, 'ANTAUTA', 170),
(1698, 'CUPI', 170),
(1699, 'LLALLI', 170),
(1700, 'MACARI', 170),
(1701, 'NU&Ntilde;OA', 170),
(1702, 'ORURILLO', 170),
(1703, 'SANTA ROSA', 170),
(1704, 'UMACHIRI', 170),
(1705, 'MOHO', 171),
(1706, 'CONIMA', 171),
(1707, 'HUAYRAPATA', 171),
(1708, 'TILALI', 171),
(1709, 'PUTINA', 172),
(1710, 'ANANEA', 172),
(1711, 'PEDRO VILCA APAZA', 172),
(1712, 'QUILCAPUNCU', 172),
(1713, 'SINA', 172),
(1714, 'JULIACA', 173),
(1715, 'CABANA', 173),
(1716, 'CABANILLAS', 173),
(1717, 'CARACOTO', 173),
(1718, 'SAN MIGUEL', 173),
(1719, 'SANDIA', 174),
(1720, 'CUYOCUYO', 174),
(1721, 'LIMBANI', 174),
(1722, 'PATAMBUCO', 174),
(1723, 'PHARA', 174),
(1724, 'QUIACA', 174),
(1725, 'SAN JUAN DEL ORO', 174),
(1726, 'YANAHUAYA', 174),
(1727, 'ALTO INAMBARI', 174),
(1728, 'SAN PEDRO DE PUTINA PUNCO', 174),
(1729, 'YUNGUYO', 175),
(1730, 'ANAPIA', 175),
(1731, 'COPANI', 175),
(1732, 'CUTURAPI', 175),
(1733, 'OLLARAYA', 175),
(1734, 'TINICACHI', 175),
(1735, 'UNICACHI', 175),
(1736, 'MOYOBAMBA', 176),
(1737, 'CALZADA', 176),
(1738, 'HABANA', 176),
(1739, 'JEPELACIO', 176),
(1740, 'SORITOR', 176),
(1741, 'YANTALO', 176),
(1742, 'BELLAVISTA', 177),
(1743, 'ALTO BIAVO', 177),
(1744, 'BAJO BIAVO', 177),
(1745, 'HUALLAGA', 177),
(1746, 'SAN PABLO', 177),
(1747, 'SAN RAFAEL', 177),
(1748, 'SAN JOSE DE SISA', 178),
(1749, 'AGUA BLANCA', 178),
(1750, 'SAN MARTIN', 178),
(1751, 'SANTA ROSA', 178),
(1752, 'SHATOJA', 178),
(1753, 'SAPOSOA', 179),
(1754, 'ALTO SAPOSOA', 179),
(1755, 'EL ESLABON', 179),
(1756, 'PISCOYACU', 179),
(1757, 'SACANCHE', 179),
(1758, 'TINGO DE SAPOSOA', 179),
(1759, 'LAMAS', 180),
(1760, 'ALONSO DE ALVARADO', 180),
(1761, 'BARRANQUITA', 180),
(1762, 'CAYNARACHI', 180),
(1763, 'CU&Ntilde;UMBUQUI', 180),
(1764, 'PINTO RECODO', 180),
(1765, 'RUMISAPA', 180),
(1766, 'SAN ROQUE DE CUMBAZA', 180),
(1767, 'SHANAO', 180),
(1768, 'TABALOSOS', 180),
(1769, 'ZAPATERO', 180),
(1770, 'JUANJUI', 181),
(1771, 'CAMPANILLA', 181),
(1772, 'HUICUNGO', 181),
(1773, 'PACHIZA', 181),
(1774, 'PAJARILLO', 181),
(1775, 'PICOTA', 182),
(1776, 'BUENOS AIRES', 182),
(1777, 'CASPISAPA', 182),
(1778, 'PILLUANA', 182),
(1779, 'PUCACACA', 182),
(1780, 'SAN CRISTOBAL', 182),
(1781, 'SAN HILARION', 182),
(1782, 'SHAMBOYACU', 182),
(1783, 'TINGO DE PONASA', 182),
(1784, 'TRES UNIDOS', 182),
(1785, 'RIOJA', 183),
(1786, 'AWAJUN', 183),
(1787, 'ELIAS SOPLIN VARGAS', 183),
(1788, 'NUEVA CAJAMARCA', 183),
(1789, 'PARDO MIGUEL', 183),
(1790, 'POSIC', 183),
(1791, 'SAN FERNANDO', 183),
(1792, 'YORONGOS', 183),
(1793, 'YURACYACU', 183),
(1794, 'TARAPOTO', 184),
(1795, 'ALBERTO LEVEAU', 184),
(1796, 'CACATACHI', 184),
(1797, 'CHAZUTA', 184),
(1798, 'CHIPURANA', 184),
(1799, 'EL PORVENIR', 184),
(1800, 'HUIMBAYOC', 184),
(1801, 'JUAN GUERRA', 184),
(1802, 'LA BANDA DE SHILCAYO', 184),
(1803, 'MORALES', 184),
(1804, 'PAPAPLAYA', 184),
(1805, 'SAN ANTONIO', 184),
(1806, 'SAUCE', 184),
(1807, 'SHAPAJA', 184),
(1808, 'TOCACHE', 185),
(1809, 'NUEVO PROGRESO', 185),
(1810, 'POLVORA', 185),
(1811, 'SHUNTE', 185),
(1812, 'UCHIZA', 185),
(1813, 'TACNA', 186),
(1814, 'ALTO DE LA ALIANZA', 186),
(1815, 'CALANA', 186),
(1816, 'CIUDAD NUEVA', 186),
(1817, 'INCLAN', 186),
(1818, 'PACHIA', 186),
(1819, 'PALCA', 186),
(1820, 'POCOLLAY', 186),
(1821, 'SAMA', 186),
(1822, 'CORONEL GREGORIO ALBARRACIN LANCHIPA', 186),
(1823, 'LA YARADA LOS PALOS', 186),
(1824, 'CANDARAVE', 187),
(1825, 'CAIRANI', 187),
(1826, 'CAMILACA', 187),
(1827, 'CURIBAYA', 187),
(1828, 'HUANUARA', 187),
(1829, 'QUILAHUANI', 187),
(1830, 'LOCUMBA', 188),
(1831, 'ILABAYA', 188),
(1832, 'ITE', 188),
(1833, 'TARATA', 189),
(1834, 'CHUCATAMANI', 189),
(1835, 'ESTIQUE', 189),
(1836, 'ESTIQUE-PAMPA', 189),
(1837, 'SITAJARA', 189),
(1838, 'SUSAPAYA', 189),
(1839, 'TARUCACHI', 189),
(1840, 'TICACO', 189),
(1841, 'TUMBES', 190),
(1842, 'CORRALES', 190),
(1843, 'LA CRUZ', 190),
(1844, 'PAMPAS DE HOSPITAL', 190),
(1845, 'SAN JACINTO', 190),
(1846, 'SAN JUAN DE LA VIRGEN', 190),
(1847, 'ZORRITOS', 191),
(1848, 'CASITAS', 191),
(1849, 'CANOAS DE PUNTA SAL', 191),
(1850, 'ZARUMILLA', 192),
(1851, 'AGUAS VERDES', 192),
(1852, 'MATAPALO', 192),
(1853, 'PAPAYAL', 192),
(1854, 'CALLERIA', 193),
(1855, 'CAMPOVERDE', 193),
(1856, 'IPARIA', 193),
(1857, 'MASISEA', 193),
(1858, 'YARINACOCHA', 193),
(1859, 'NUEVA REQUENA', 193),
(1860, 'MANANTAY', 193),
(1861, 'RAYMONDI', 194),
(1862, 'SEPAHUA', 194),
(1863, 'TAHUANIA', 194),
(1864, 'YURUA', 194),
(1865, 'PADRE ABAD', 195),
(1866, 'IRAZOLA', 195),
(1867, 'CURIMANA', 195),
(1868, 'NESHUYA', 195),
(1869, 'ALEXANDER VON HUMBOLDT', 195),
(1870, 'PURUS', 196);

-- --------------------------------------------------------

--
-- Estructura de tabla para la tabla `ubprovincia`
--
DROP TABLE IF EXISTS ubprovincia;
CREATE TABLE ubprovincia (
  idProv int(5) PRIMARY KEY NOT NULL DEFAULT 0,
  provincia varchar(50) DEFAULT NULL,
  idDepa int(5) DEFAULT NULL
);

--
-- Volcado de datos para la tabla `ubprovincia`
--

INSERT INTO ubprovincia (idProv, provincia, idDepa) VALUES
(1, 'CHACHAPOYAS ', 1),
(2, 'BAGUA', 1),
(3, 'BONGARA', 1),
(4, 'CONDORCANQUI', 1),
(5, 'LUYA', 1),
(6, 'RODRIGUEZ DE MENDOZA', 1),
(7, 'UTCUBAMBA', 1),
(8, 'HUARAZ', 2),
(9, 'AIJA', 2),
(10, 'ANTONIO RAYMONDI', 2),
(11, 'ASUNCION', 2),
(12, 'BOLOGNESI', 2),
(13, 'CARHUAZ', 2),
(14, 'CARLOS FERMIN FITZCARRALD', 2),
(15, 'CASMA', 2),
(16, 'CORONGO', 2),
(17, 'HUARI', 2),
(18, 'HUARMEY', 2),
(19, 'HUAYLAS', 2),
(20, 'MARISCAL LUZURIAGA', 2),
(21, 'OCROS', 2),
(22, 'PALLASCA', 2),
(23, 'POMABAMBA', 2),
(24, 'RECUAY', 2),
(25, 'SANTA', 2),
(26, 'SIHUAS', 2),
(27, 'YUNGAY', 2),
(28, 'ABANCAY', 3),
(29, 'ANDAHUAYLAS', 3),
(30, 'ANTABAMBA', 3),
(31, 'AYMARAES', 3),
(32, 'COTABAMBAS', 3),
(33, 'CHINCHEROS', 3),
(34, 'GRAU', 3),
(35, 'AREQUIPA', 4),
(36, 'CAMANA', 4),
(37, 'CARAVELI', 4),
(38, 'CASTILLA', 4),
(39, 'CAYLLOMA', 4),
(40, 'CONDESUYOS', 4),
(41, 'ISLAY', 4),
(42, 'LA UNION', 4),
(43, 'HUAMANGA', 5),
(44, 'CANGALLO', 5),
(45, 'HUANCA SANCOS', 5),
(46, 'HUANTA', 5),
(47, 'LA MAR', 5),
(48, 'LUCANAS', 5),
(49, 'PARINACOCHAS', 5),
(50, 'PAUCAR DEL SARA SARA', 5),
(51, 'SUCRE', 5),
(52, 'VICTOR FAJARDO', 5),
(53, 'VILCAS HUAMAN', 5),
(54, 'CAJAMARCA', 6),
(55, 'CAJABAMBA', 6),
(56, 'CELENDIN', 6),
(57, 'CHOTA ', 6),
(58, 'CONTUMAZA', 6),
(59, 'CUTERVO', 6),
(60, 'HUALGAYOC', 6),
(61, 'JAEN', 6),
(62, 'SAN IGNACIO', 6),
(63, 'SAN MARCOS', 6),
(64, 'SAN MIGUEL', 6),
(65, 'SAN PABLO', 6),
(66, 'SANTA CRUZ', 6),
(67, 'CALLAO', 7),
(68, 'CUSCO', 8),
(69, 'ACOMAYO', 8),
(70, 'ANTA', 8),
(71, 'CALCA', 8),
(72, 'CANAS', 8),
(73, 'CANCHIS', 8),
(74, 'CHUMBIVILCAS', 8),
(75, 'ESPINAR', 8),
(76, 'LA CONVENCION', 8),
(77, 'PARURO', 8),
(78, 'PAUCARTAMBO', 8),
(79, 'QUISPICANCHI', 8),
(80, 'URUBAMBA', 8),
(81, 'HUANCAVELICA', 9),
(82, 'ACOBAMBA', 9),
(83, 'ANGARAES', 9),
(84, 'CASTROVIRREYNA', 9),
(85, 'CHURCAMPA', 9),
(86, 'HUAYTARA', 9),
(87, 'TAYACAJA', 9),
(88, 'HUANUCO', 10),
(89, 'AMBO', 10),
(90, 'DOS DE MAYO', 10),
(91, 'HUACAYBAMBA', 10),
(92, 'HUAMALIES', 10),
(93, 'LEONCIO PRADO', 10),
(94, 'MARA&Ntilde;ON', 10),
(95, 'PACHITEA', 10),
(96, 'PUERTO INCA', 10),
(97, 'LAURICOCHA', 10),
(98, 'YAROWILCA', 10),
(99, 'ICA', 11),
(100, 'CHINCHA', 11),
(101, 'NAZCA', 11),
(102, 'PALPA', 11),
(103, 'PISCO', 11),
(104, 'HUANCAYO', 12),
(105, 'CONCEPCION', 12),
(106, 'CHANCHAMAYO', 12),
(107, 'JAUJA', 12),
(108, 'JUNIN', 12),
(109, 'SATIPO', 12),
(110, 'TARMA', 12),
(111, 'YAULI', 12),
(112, 'CHUPACA', 12),
(113, 'TRUJILLO', 13),
(114, 'ASCOPE', 13),
(115, 'BOLIVAR', 13),
(116, 'CHEPEN', 13),
(117, 'JULCAN', 13),
(118, 'OTUZCO', 13),
(119, 'PACASMAYO', 13),
(120, 'PATAZ', 13),
(121, 'SANCHEZ CARRION', 13),
(122, 'SANTIAGO DE CHUCO', 13),
(123, 'GRAN CHIMU', 13),
(124, 'VIRU', 13),
(125, 'CHICLAYO', 14),
(126, 'FERRE&Ntilde;AFE', 14),
(127, 'LAMBAYEQUE', 14),
(128, 'LIMA', 15),
(129, 'BARRANCA', 15),
(130, 'CAJATAMBO', 15),
(131, 'CANTA', 15),
(132, 'CA&Ntilde;ETE', 15),
(133, 'HUARAL', 15),
(134, 'HUAROCHIRI', 15),
(135, 'HUAURA', 15),
(136, 'OYON', 15),
(137, 'YAUYOS', 15),
(138, 'MAYNAS', 16),
(139, 'ALTO AMAZONAS', 16),
(140, 'LORETO', 16),
(141, 'MARISCAL RAMON CASTILLA', 16),
(142, 'REQUENA', 16),
(143, 'UCAYALI', 16),
(144, 'DATEM DE MARAÑON', 16),
(145, 'PUTUMAYO', 16),
(146, 'TAMBOPATA', 17),
(147, 'MANU', 17),
(148, 'TAHUAMANU', 17),
(149, 'MARISCAL NIETO', 18),
(150, 'GENERAL SANCHEZ CERRO', 18),
(151, 'ILO', 18),
(152, 'PASCO', 19),
(153, 'DANIEL ALCIDES CARRION', 19),
(154, 'OXAPAMPA', 19),
(155, 'PIURA', 20),
(156, 'AYABACA', 20),
(157, 'HUANCABAMBA', 20),
(158, 'MORROPON', 20),
(159, 'PAITA', 20),
(160, 'SULLANA', 20),
(161, 'TALARA', 20),
(162, 'SECHURA', 20),
(163, 'PUNO', 21),
(164, 'AZANGARO', 21),
(165, 'CARABAYA', 21),
(166, 'CHUCUITO', 21),
(167, 'EL COLLAO', 21),
(168, 'HUANCANE', 21),
(169, 'LAMPA', 21),
(170, 'MELGAR', 21),
(171, 'MOHO', 21),
(172, 'SAN ANTONIO DE PUTINA', 21),
(173, 'SAN ROMAN', 21),
(174, 'SANDIA', 21),
(175, 'YUNGUYO', 21),
(176, 'MOYOBAMBA', 22),
(177, 'BELLAVISTA', 22),
(178, 'EL DORADO', 22),
(179, 'HUALLAGA', 22),
(180, 'LAMAS', 22),
(181, 'MARISCAL CACERES', 22),
(182, 'PICOTA', 22),
(183, 'RIOJA', 22),
(184, 'SAN MARTIN', 22),
(185, 'TOCACHE', 22),
(186, 'TACNA', 23),
(187, 'CANDARAVE', 23),
(188, 'JORGE BASADRE', 23),
(189, 'TARATA', 23),
(190, 'TUMBES', 24),
(191, 'CONTRALMIRANTE VILLAR', 24),
(192, 'ZARUMILLA', 24),
(193, 'CORONEL PORTILLO', 25),
(194, 'ATALAYA', 25),
(195, 'PADRE ABAD', 25),
(196, 'PURUS', 25);

--
-- Índices para tablas volcadas
--

--
-- Estructura de tabla para la tabla `ubdepartamento`
--
DROP TABLE IF EXISTS ubdepartamento;
CREATE TABLE ubdepartamento (
  idDepa int(5) PRIMARY KEY NOT NULL,
  departamento varchar(50) DEFAULT NULL
);

--
-- Volcado de datos para la tabla `ubdepartamento`
--

INSERT INTO ubdepartamento (idDepa, departamento) VALUES
(1, 'AMAZONAS'),
(2, 'ANCASH'),
(3, 'APURIMAC'),
(4, 'AREQUIPA'),
(5, 'AYACUCHO'),
(6, 'CAJAMARCA'),
(7, 'CALLAO'),
(8, 'CUSCO'),
(9, 'HUANCAVELICA'),
(10, 'HUANUCO'),
(11, 'ICA'),
(12, 'JUNIN'),
(13, 'LA LIBERTAD'),
(14, 'LAMBAYEQUE'),
(15, 'LIMA'),
(16, 'LORETO'),
(17, 'MADRE DE DIOS'),
(18, 'MOQUEGUA'),
(19, 'PASCO'),
(20, 'PIURA'),
(21, 'PUNO'),
(22, 'SAN MARTIN'),
(23, 'TACNA'),
(24, 'TUMBES'),
(25, 'UCAYALI');

-- --------------------------------------------------------

--
-- Indices de la tabla `ubdepartamento`
--
ALTER TABLE ubdepartamento
ADD PRIMARY KEY (idDepa);

--
-- Indices de la tabla `ubdistrito`
--
ALTER TABLE ubdistrito
ADD PRIMARY KEY (idDist);

--
-- Indices de la tabla `ubprovincia`
--
ALTER TABLE ubprovincia
ADD PRIMARY KEY (idProv);

--
-- AUTO_INCREMENT de las tablas volcadas
--

--
-- AUTO_INCREMENT de la tabla `ubdepartamento`
--
-- ALTER TABLE `ubdepartamento`
--   MODIFY `idDepa` int(5) NOT NULL AUTO_INCREMENT, AUTO_INCREMENT=26;
-- COMMIT;


--
-- RELACIONES UBICACIONES
--
    -- DISTRITO A PROVINCIA
    ALTER TABLE ubdistrito
    ADD CONSTRAINT fk_dis_a_provi
    FOREIGN KEY (idProv) REFERENCES ubprovincia (idProv)

    -- PROVINCIA A DEPARTAMENTO
    ALTER TABLE ubprovincia
    ADD CONSTRAINT fk_provi_a_dep
    FOREIGN KEY (idDepa) REFERENCES ubdepartamento (idDepa)



--
-- RELACIONES UBICACIONES
--


-- RELACIONES --

    -- TIPO USUARIO A ->

    ALTER TABLE usuario
    ADD CONSTRAINT fk_tusu_a_usu
    FOREIGN KEY (id_tipo_usuario) REFERENCES tipo_usuario (secuence_tipo_usu);

    -- USUARIO A ->

    ALTER TABLE productos
    ADD CONSTRAINT fk_usu_a_prod
    FOREIGN KEY (id_usuario) REFERENCES usuario (secuence_usu);

    ALTER TABLE detalle_despacho
    ADD CONSTRAINT fk_usu_a_ddes
    FOREIGN KEY (id_usuario) REFERENCES usuario (secuence_usu);


    -- CATEGORIA A ->

    ALTER TABLE productos
    ADD CONSTRAINT fk_cat_a_prod
    FOREIGN KEY (id_categoria) REFERENCES categorias (secuence_cat);

--
    -- ALTER TABLE detalle_ingreso
    -- ADD CONSTRAINT fk_cat_a_ding
    -- FOREIGN KEY (id_categoria) REFERENCES categorias (secuence_cat);
--

    -- CLIENTES / COLEGIOS A ->

    ALTER TABLE detalle_despacho
    ADD CONSTRAINT fk_col_a_ddes
    FOREIGN KEY (id_colegio) REFERENCES colegios (secuence_col);


    -- PROVEEDOR A ->
#      ALTER TABLE productos
# 	 ADD CONSTRAINT fk_prov_to_prod
# 	 FOREIGN KEY (id_proveedor) REFERENCES proveedor (secuence_prov);


    -- MOVIMIENTO A ->

    -- ALTER TABLE detalle_ingreso
    -- ADD CONSTRAINT fk_mov_a_ding
    -- FOREIGN KEY (id_movimiento) REFERENCES movimientos (secuence_mov);

    -- ALTER TABLE detalle_despacho
    -- ADD CONSTRAINT fk_mov_a_ddes
    -- FOREIGN KEY (id_movimiento) REFERENCES movimientos (secuence_mov);  


    -- PRODUCTO A ->

    -- ALTER TABLE detalle_ingreso
    -- ADD CONSTRAINT fk_prod_a_ding
    -- FOREIGN KEY (SKU_producto) REFERENCES productos (secuence_prod);  

    -- MARCA A ->

#     ALTER TABLE productos
#     ADD CONSTRAINT fk_mar_a_prod
#     FOREIGN KEY (id_marca) REFERENCES marca (secuence_mar);




    -- DETALLE DESPACHO

    ALTER TABLE detalle_despacho
    ADD CONSTRAINT fk_prod_a_ddes
    FOREIGN KEY (id_producto) REFERENCES productos (secuence_prod);

    -- ALTER TABLE movimientos
    -- ADD CONSTRAINT fk_prod_a_mov
    -- FOREIGN KEY (SKU_producto) REFERENCES productos (secuence_prod);

    -- ALTER TABLE movimientos
    -- ADD CONSTRAINT fk_tmov_a_mov
    -- FOREIGN KEY (id_tipo_movi) REFERENCES tipo_movimiento (secuence_tip_mov);

    -- -- DETALLE DESPACHO

    -- ALTER TABLE detalle_despacho
    -- ADD CONSTRAINT fk_col_a_ddes
    -- FOREIGN KEY (id_colegio) REFERENCES colegios (secuence_col);

    -- ALTER TABLE detalle_despacho
    -- ADD CONSTRAINT fk_prod_a_ddes
    -- FOREIGN KEY (SKU_producto) REFERENCES productos (secuence_prod);

    -- ALTER TABLE detalle_despacho
    -- ADD CONSTRAINT fk_tmov_a_ddes
    -- FOREIGN KEY (id_tipo_movi) REFERENCES tipo_movimiento (secuence_tip_mov);


-- INSERT INTO --

    -- TIPO USUARIO

    -- INSERT INTO tipo_usuario VALUES ('',1,'administrador');
    -- INSERT INTO tipo_usuario VALUES ('',2,'operador');

    -- USUARIO

    -- INSERT INTO usuario
    -- VALUES (null,001,'Test','Admin', 1,'arroshi','arroshi',null,'942394243',1);



    -- INSERT INTO `categorias`(`secuence_cat`, `id_categoria`, `nom_categoria`, `estado_categoria`) 
    -- VALUES (null,1,'viveres',1)

    -- INSERT INTO `proveedor`(`secuence_prov`, `id_proveedor`, `RUC`, `razon_social`, `tlf_proveedor`, `mail_proveedor`, `estado_proveedor`) 
    -- VALUES (null,1,'10738918300','Arroshi','942394243','nel@gmail.com',1)

    -- INSERT INTO `marca`(`secuence_mar`, `id_marca`, `nom_marca`, `estado_marca`) 
    -- VALUES (null,1,'Arroshis',1)

    -- INSERT INTO `productos`(`secuence_prod`, `id_proveedor`, `id_categoria`, `id_marca`, `nom_producto`, `cantidades`, `fecha_entrada`, `descripcion`, `guia_remision`, `num_orden`, `num_pecosa`, `estado_producto`) 
    -- VALUES (null,1,1,1,'Primer_Producto',100,'2021-05-07','1ra prueba','ni idea',1,11,1)
    
-- -----------------------------------------------INSERT INTO CATEGORIAS (INICIO)--------------------------------------------------------------------------------------------------------------------------
INSERT INTO `categorias` (`secuence_cat`, `id_categoria`, `nom_categoria`, `estado_categoria`) VALUES (NULL, '1', 'aseo', '1'), (NULL, '2', 'escolar', '1');
-- -----------------------------------------------INSERT INTO CATEGORIAS (FIN)--------------------------------------------------------------------------------------------------------------------------


-- -----------------------------------------------INSERT INTO TIPO USUARIO (INICIO)-------------------------------------------------------------------------------------------------------------------------------------------------------------------------------------------------------------------------------------------
INSERT INTO `tipo_usuario` (`secuence_tipo_usu`, `id_tipo_usuario`, `detalle_tipo_usuario`) VALUES (NULL, '1', 'admin'), (NULL, '2', 'operador');
-- ----------------------------------------------------INSERT INTO TIPO USUARIO (FIN)-------------------------------------------------------------------------------------------------------------------------------------------------------------------------------------------------------------------------------------------

-- ----------------------------------- --------------INSERT INTO  USUARIO (INICIO) -------------------------------------------------------------------------------------------------------------------------------------------------------------------------------------------------------------------------------------------
INSERT INTO `usuario` (`secuence_usu`, `id_usuario`, `nom_usuario`, `ape_usuario`, `id_tipo_usuario`, `cod_usuario`, `pass_usuario`, `mail_usuario`, `tlf_usuario`, `estado_usuario`) VALUES (NULL, '75481104', 'denzel', 'sotomayor', '1', 'dsotomayor', '1337', 'denzelsotomayor@gmail.com', '981374706', '1'),(NULL, '10675550', 'pedro', 'almenara', '2', 'pedro123', 'palmenara', 'pedroalmenara@gmail.com', '987654321', '1');
                                    
--  ---------------------------------------------------INSERT INTO  USUARIO (FIN)--------------------------------------------------------------------------------------------------------------------------------------------------------------------------------------------

    INSERT INTO colegios VALUES (null, 1618958, 'UGEL AIJA', 'Santa Rosa de Viterbo', 'Jirón ramon castilla 1219', '', '', 'Ancash', 'Huaraz', 'Huaraz', 'Huaraz', 'Primaria y Secundaria');
    INSERT INTO colegios VALUES (null, 1554815, 'UGEL AIJA', 'Ricardo Palma Carrillo', 'Carretera san nicolas s/n', '', '', 'Ancash', 'Huaraz', 'Huaraz', 'Huaraz', 'Primaria y Secundaria');
    INSERT INTO colegios VALUES (null, 0385567, 'UGEL AIJA', 'Jose Antonio Encinas', 'Macashca', '', '', 'Ancash', 'Huaraz', 'Huaraz', 'Huaraz', 'Primaria y Secundaria');
    INSERT INTO colegios VALUES (null, 1536598, 'UGEL AIJA', 'La Libertad', 'Avenida agustin gamarra s/n', '422711', '', 'Ancash', 'Huaraz', 'Huaraz', 'Huaraz', 'Primaria y Secundaria');
    INSERT INTO colegios VALUES (null, 0385492, 'UGEL AIJA', 'Cede Señor de los Milagros', 'Huaraz 02001', '', '', 'Ancash', 'Huaraz', 'Cochabamba', 'Cochabamba', 'Primaria');
    INSERT INTO colegios VALUES (null, 0385518, 'UGEL AIJA', 'Nuestra Señora Del Sagrado Corazón de Jesús', 'Quenuales 163, Huaraz 02002', '421652', '', 'Ancash', 'Huaraz', 'Independencia', 'Huaraz', 'Primaria y Secundaria');
    INSERT INTO colegios VALUES (null, 1311364, 'UGEL AIJA', 'Madre Teresa de Calcuta', 'Jiron los Incas 109', '', '', 'Ancash', 'Carhuaz', 'Carhuaz', 'Carhuaz', 'Secundaria');
    INSERT INTO colegios VALUES (null, 1042704, 'UGEL AIJA', 'Pedro Paulet', 'Jiron Quipacocha 284', '', '', 'Ancash', 'Carhuaz', 'Marcara', 'Casha corral', 'Primaria');
    INSERT INTO colegios VALUES (null, 1042662, 'UGEL AIJA', 'Pedro Pablo Atusparia', 'Avenida bolognesi 116', '', '', 'Ancash', 'Huaraz', 'Huaraz', 'Huaraz', 'Primaria y Secundaria');
    INSERT INTO colegios VALUES (null, 0385542, 'UGEL AIJA', 'Pedro Pablo Atusparia', 'Avenida bolognesi 116', '', '', 'Ancash', 'Huaraz', 'Huaraz', 'Huaraz', 'Primaria');


